file,line,method,path,function,has_permission,permission_hints,has_audit,audit_hints,has_rollback_hint,rollback_hints,has_confirm_hint,confirm_hints,risk,issue
backend/app/api/routers/account_scanner.py,15,POST,/scan-account,api_scan,True,"admin, require_tab, staff=depends",False,,True,status,False,,P1,operational mutation (sync) with permission hint but no obvious audit hint
backend/app/api/routers/account_scanner.py,45,POST,/scan-matrix,api_matrix,True,"admin, require_tab, staff=depends",False,,True,status,False,,P1,operational mutation (sync) with permission hint but no obvious audit hint
backend/app/api/routers/activities.py,135,POST,,create_activity,True,"admin, require_tab, staff=depends",True,record_admin_action,True,status,False,,P2,mutation appears guarded with audit/rollback hints; dynamic smoke still required
backend/app/api/routers/activities.py,187,PATCH,/{activity_id},update_activity,True,"admin, require_tab, staff=depends",True,record_admin_action,True,status,False,,P2,mutation appears guarded with audit/rollback hints; dynamic smoke still required
backend/app/api/routers/activities.py,212,POST,/{activity_id}/{action},activity_action,True,"admin, require_tab, staff=depends",True,record_admin_action,True,status,False,,P2,mutation appears guarded with audit/rollback hints; dynamic smoke still required
backend/app/api/routers/activities.py,423,POST,/{activity_id}/attribute-user,attribute_user,True,"admin, require_tab, staff=depends",True,record_admin_action,True,status,False,,P2,mutation appears guarded with audit/rollback hints; dynamic smoke still required
backend/app/api/routers/activities.py,468,POST,/{qr_token}/track,track_public_event,False,,False,,True,status,False,,P2,public tracking/event endpoint; needs rate-limit/data-minimization audit separately
backend/app/api/routers/admin.py,571,POST,/api/admin/social-accounts/{account_id}/verify,admin_verify_social,True,admin,False,,False,,True,comment,P1,mutation has permission hint but no obvious audit hint in router/function body
backend/app/api/routers/admin.py,580,POST,/api/admin/social-accounts/{account_id}/reject,admin_reject_social,True,admin,False,,True,status,True,reason,P0,high-impact mutation (delete); missing/unclear: audit
backend/app/api/routers/admin.py,617,POST,/api/admin/users/upsert,admin_upsert_user_account,True,admin,False,,True,status,False,,P1,operational mutation (sync) with permission hint but no obvious audit hint
backend/app/api/routers/admin.py,629,POST,/api/admin/users/{uid}/approve,admin_approve_user,True,admin,False,,True,status,False,,P1,operational mutation (approve) with permission hint but no obvious audit hint
backend/app/api/routers/admin.py,640,POST,/api/admin/users/{uid}/reject,admin_reject_user,True,admin,False,,True,status,False,,P1,operational mutation (reject) with permission hint but no obvious audit hint
backend/app/api/routers/admin.py,651,POST,/api/admin/users/{uid}/block,admin_block_user,True,admin,False,,True,status,True,reason,P0,high-impact mutation (block); missing/unclear: audit
backend/app/api/routers/admin.py,662,POST,/api/admin/users/{uid}/unblock,admin_unblock_user,True,admin,False,,True,status,True,reason,P0,high-impact mutation (block); missing/unclear: audit
backend/app/api/routers/admin.py,673,DELETE,/api/admin/users/{uid},admin_delete_user,True,admin,False,,True,status,False,,P0,"high-impact mutation (delete); missing/unclear: audit, confirm/reason"
backend/app/api/routers/admin.py,873,POST,/api/admin/creator-public/shop-heroes,admin_upsert_creator_shop_hero,True,admin,False,,True,status,False,,P1,operational mutation (sync) with permission hint but no obvious audit hint
backend/app/api/routers/admin.py,885,DELETE,/api/admin/creator-public/shop-heroes/{hero_id},admin_delete_creator_shop_hero,True,admin,False,,True,status,False,,P0,"high-impact mutation (delete); missing/unclear: audit, confirm/reason"
backend/app/api/routers/admin.py,961,DELETE,/api/admin/submissions/{submission_id},delete_submission,True,admin,False,,True,"rollback, status",True,reason,P0,high-impact mutation (delete); missing/unclear: audit
backend/app/api/routers/admin.py,997,POST,/api/admin/submissions/manual,manual_add_submission,True,admin,False,,True,status,True,comment,P1,mutation has permission hint but no obvious audit hint in router/function body
backend/app/api/routers/admin.py,1031,POST,/api/verify/register,register_verification,True,admin,False,,True,status,False,,P1,mutation has permission hint but no obvious audit hint in router/function body
backend/app/api/routers/admin.py,1065,POST,/api/admin/verifications/{ver_id}/approve,approve_verification,True,admin,False,,True,status,False,,P1,operational mutation (approve) with permission hint but no obvious audit hint
backend/app/api/routers/admin.py,1080,POST,/api/admin/verifications/{ver_id}/reject,reject_verification,True,admin,False,,True,status,False,,P1,operational mutation (reject) with permission hint but no obvious audit hint
backend/app/api/routers/admin.py,1091,DELETE,/api/admin/verifications/{ver_id},delete_verification,True,admin,False,,True,status,False,,P0,"high-impact mutation (delete); missing/unclear: audit, confirm/reason"
backend/app/api/routers/admin.py,1103,POST,/api/admin/reanalyze/{submission_id},reanalyze_submission,True,admin,True,audit,True,"audit, status",True,comment,P2,mutation appears guarded with audit/rollback hints; dynamic smoke still required
backend/app/api/routers/admin.py,1201,POST,/api/admin/approve/{submission_id},manual_approve,True,admin,True,audit,True,"audit, rollback, status",True,"confirm, reason",P2,mutation appears guarded with audit/rollback hints; dynamic smoke still required
backend/app/api/routers/admin.py,1293,POST,/api/admin/reject/{submission_id},manual_reject,True,admin,False,,True,status,False,,P1,operational mutation (reject) with permission hint but no obvious audit hint
backend/app/api/routers/admin.py,1381,POST,/api/admin/rewards,admin_create_reward,True,admin,False,,True,status,False,,P1,mutation has permission hint but no obvious audit hint in router/function body
backend/app/api/routers/admin.py,1412,PATCH,/api/admin/rewards/{rid},admin_update_reward,True,admin,False,,True,status,False,,P1,mutation has permission hint but no obvious audit hint in router/function body
backend/app/api/routers/admin.py,1424,POST,/api/admin/rewards/{rid}/publish,admin_publish_reward,True,admin,False,,True,status,False,,P1,mutation has permission hint but no obvious audit hint in router/function body
backend/app/api/routers/admin.py,1435,POST,/api/admin/rewards/{rid}/archive,admin_archive_reward,True,admin,False,,True,"archive, status",False,,P1,mutation has permission hint but no obvious audit hint in router/function body
backend/app/api/routers/admin.py,1446,DELETE,/api/admin/rewards/{rid},admin_delete_reward,True,admin,False,,True,"archive, soft, status",False,,P0,"high-impact mutation (delete); missing/unclear: audit, confirm/reason"
backend/app/api/routers/admin.py,1516,POST,/api/admin/users/batch-grant-points,admin_batch_grant_points,True,admin,True,record_admin_action,True,status,True,reason,P1,high-impact mutation (grant_points) has basic guard hints; dynamic verification required
backend/app/api/routers/admin.py,1547,POST,/api/admin/users/grant-points-by-rule,admin_grant_points_by_rule,True,admin,True,record_admin_action,True,status,True,reason,P1,high-impact mutation (grant_points) has basic guard hints; dynamic verification required
backend/app/api/routers/admin.py,1587,PUT,/api/admin/users/{uid}/creator-code,admin_update_creator_code,True,admin,True,record_admin_action,True,status,False,,P2,mutation appears guarded with audit/rollback hints; dynamic smoke still required
backend/app/api/routers/admin.py,1615,POST,/api/admin/users/{uid}/adjust_points,admin_adjust_points,True,admin,False,,True,status,True,reason,P0,high-impact mutation (adjust_points); missing/unclear: audit
backend/app/api/routers/admin.py,1862,POST,/api/admin/redemptions/{rid}/update,admin_update_redemption,True,admin,False,,True,status,False,,P1,operational mutation (sync) with permission hint but no obvious audit hint
backend/app/api/routers/admin.py,1933,POST,/api/admin/redemptions/{rid}/approve,admin_approve_redemption,True,admin,False,,False,,False,,P1,"operational mutation (approve, sync) with permission hint but no obvious audit hint"
backend/app/api/routers/admin.py,1939,POST,/api/admin/redemptions/{rid}/pack,admin_pack_redemption,True,admin,False,,False,,False,,P1,operational mutation (sync) with permission hint but no obvious audit hint
backend/app/api/routers/admin.py,1945,POST,/api/admin/redemptions/{rid}/ship,admin_ship_redemption,True,admin,False,,False,,False,,P1,operational mutation (sync) with permission hint but no obvious audit hint
backend/app/api/routers/admin.py,1951,POST,/api/admin/redemptions/{rid}/deliver,admin_deliver_redemption,True,admin,False,,False,,False,,P1,operational mutation (sync) with permission hint but no obvious audit hint
backend/app/api/routers/admin.py,1957,POST,/api/admin/redemptions/{rid}/reject,admin_reject_redemption,True,admin,False,,False,,False,,P1,"operational mutation (reject, sync) with permission hint but no obvious audit hint"
backend/app/api/routers/admin.py,1963,POST,/api/admin/users/{uid}/grant_points,admin_grant_points,True,admin,False,,True,status,True,reason,P0,high-impact mutation (grant_points); missing/unclear: audit
backend/app/api/routers/admin.py,2024,POST,/api/admin/submissions/{submission_id}/correct,correct_submission_product,True,admin,True,audit,True,"audit, status",False,,P2,mutation appears guarded with audit/rollback hints; dynamic smoke still required
backend/app/api/routers/admin.py,2108,DELETE,/api/admin/learning/corrections,delete_correction_endpoint,True,admin,True,audit,True,"audit, status",False,,P0,high-impact mutation (delete); missing/unclear: confirm/reason
backend/app/api/routers/audit.py,255,POST,/api/audit,audit_async,True,"current_user, owner",True,audit,True,"audit, status",True,reason,P2,mutation appears guarded with audit/rollback hints; dynamic smoke still required
backend/app/api/routers/audit.py,256,POST,/api/audit/v2,audit_async,True,"current_user, owner",True,audit,True,"audit, status",True,reason,P2,mutation appears guarded with audit/rollback hints; dynamic smoke still required
backend/app/api/routers/audit.py,530,POST,/api/audit/sync,audit_sync,True,"current_user, owner",True,audit,True,"audit, status",True,"comment, confirm, reason",P2,mutation appears guarded with audit/rollback hints; dynamic smoke still required
backend/app/api/routers/auth.py,129,POST,/register,auth_register,True,admin,False,,True,"rollback, status",False,,P2,"auth/public-account flow; safety handled by auth semantics, not business mutation audit"
backend/app/api/routers/auth.py,234,POST,/login,auth_login,False,,False,,False,,False,,P2,"auth/public-account flow; safety handled by auth semantics, not business mutation audit"
backend/app/api/routers/auth.py,262,POST,/me/avatar,update_my_avatar,True,"current_user, get_current_user",False,,True,status,False,,P0,"high-impact mutation (secret); missing/unclear: audit, confirm/reason"
backend/app/api/routers/auth.py,302,POST,/logout,auth_logout,False,,False,,True,status,False,,P2,"auth/public-account flow; safety handled by auth semantics, not business mutation audit"
backend/app/api/routers/auth.py,326,POST,/resend-verification,resend_verification,False,,False,,True,status,False,,P2,"auth/public-account flow; safety handled by auth semantics, not business mutation audit"
backend/app/api/routers/auth.py,338,POST,/forgot-password,forgot_password,False,,False,,True,status,False,,P2,"auth/public-account flow; safety handled by auth semantics, not business mutation audit"
backend/app/api/routers/auth.py,349,POST,/reset-password,reset_password_endpoint,False,,False,,True,status,False,,P2,"auth/public-account flow; safety handled by auth semantics, not business mutation audit"
backend/app/api/routers/auth.py,368,POST,/change-password,change_password,True,"current_user, get_current_user",False,,True,status,False,,P1,operational mutation (sync) with permission hint but no obvious audit hint
backend/app/api/routers/brand_analysis.py,108,POST,/analyze-brand,analyze_brand,True,admin,False,,False,,True,comment,P1,"operational mutation (analyze, sync) with permission hint but no obvious audit hint"
backend/app/api/routers/commerce.py,70,POST,/orders/backfill,backfill_orders,True,admin,True,record_admin_action,True,history,False,,P0,high-impact mutation (backfill); missing/unclear: confirm/reason
backend/app/api/routers/commerce.py,103,POST,/orders/{order_id}/attribute,override_attribution,True,admin,True,record_admin_action,False,,True,reason,P1,high-impact mutation (reassign) has basic guard hints; dynamic verification required
backend/app/api/routers/commerce.py,128,POST,/orders/{order_id}/flag,flag_order,True,admin,True,record_admin_action,False,,True,reason,P2,mutation appears guarded/audited; rollback behavior not obvious from static scan
backend/app/api/routers/commerce.py,231,POST,/payouts/cycle/{cycle_id}/approve-all,approve_all_in_cycle,True,admin,True,record_admin_action,False,,False,,P0,high-impact mutation (approve-all); missing/unclear: confirm/reason
backend/app/api/routers/commerce.py,242,POST,/payouts/cycle/{cycle_id}/process,process_cycle,True,admin,True,record_admin_action,False,,False,,P0,high-impact mutation (process); missing/unclear: confirm/reason
backend/app/api/routers/commerce.py,260,POST,/payouts/{payout_id}/approve,approve_payout,True,admin,True,record_admin_action,False,,False,,P2,mutation appears guarded/audited; rollback behavior not obvious from static scan
backend/app/api/routers/commerce.py,271,POST,/payouts/{payout_id}/hold,hold_payout,True,admin,True,record_admin_action,False,,True,reason,P2,mutation appears guarded/audited; rollback behavior not obvious from static scan
backend/app/api/routers/commerce.py,287,POST,/payouts/{payout_id}/release,release_payout,True,admin,True,record_admin_action,True,release,False,,P2,mutation appears guarded with audit/rollback hints; dynamic smoke still required
backend/app/api/routers/commerce.py,298,POST,/payouts/{payout_id}/adjust,adjust_payout,True,admin,True,record_admin_action,False,,True,reason,P2,mutation appears guarded/audited; rollback behavior not obvious from static scan
backend/app/api/routers/commerce.py,324,POST,/payouts/disputes/{dispute_id}/resolve,resolve_dispute,True,admin,True,record_admin_action,False,,False,,P2,mutation appears guarded/audited; rollback behavior not obvious from static scan
backend/app/api/routers/creator.py,246,POST,/social-accounts,add_social_account,True,"current_user, get_current_user",False,,True,status,True,comment,P1,"operational mutation (claim, sync) with permission hint but no obvious audit hint"
backend/app/api/routers/creator.py,296,DELETE,/social-accounts/{account_id},delete_social_account,True,"current_user, get_current_user",False,,True,status,False,,P0,"high-impact mutation (delete); missing/unclear: audit, confirm/reason"
backend/app/api/routers/creator.py,313,POST,/addresses,creator_add_address,True,"current_user, get_current_user",False,,True,status,False,,P1,operational mutation (sync) with permission hint but no obvious audit hint
backend/app/api/routers/creator.py,324,POST,/redeem,creator_redeem,True,"current_user, get_current_user",False,,True,status,False,,P1,operational mutation (sync) with permission hint but no obvious audit hint
backend/app/api/routers/creator.py,407,PATCH,/profile,update_profile,True,"current_user, get_current_user",False,,True,status,False,,P1,operational mutation (sync) with permission hint but no obvious audit hint
backend/app/api/routers/creator.py,448,DELETE,/addresses/{address_id},delete_address,True,"current_user, get_current_user",False,,True,status,False,,P0,"high-impact mutation (delete); missing/unclear: audit, confirm/reason"
backend/app/api/routers/creator.py,459,PATCH,/addresses/{address_id}/default,set_default_address,True,"current_user, get_current_user",False,,True,status,False,,P1,operational mutation (sync) with permission hint but no obvious audit hint
backend/app/api/routers/deepsight.py,55,POST,/evidence-pack,build_pack,True,"admin, require_tab, staff=depends",False,,True,status,False,,P1,"operational mutation (analyze, generate, sync) with permission hint but no obvious audit hint"
backend/app/api/routers/deepsight.py,69,POST,/diagnose,diagnose,True,"admin, require_tab, staff=depends",False,,False,,False,,P1,"operational mutation (analyze, sync) with permission hint but no obvious audit hint"
backend/app/api/routers/deepsight.py,75,POST,/scan-official-matrix,scan_official_matrix,True,"admin, require_tab, staff=depends",False,,False,,False,,P1,operational mutation (sync) with permission hint but no obvious audit hint
backend/app/api/routers/deepsight.py,90,POST,/cache/clear,cache_clear,True,"admin, require_tab, staff=depends",False,,True,status,False,,P0,"high-impact mutation (clear); missing/unclear: audit, confirm/reason"
backend/app/api/routers/intelligence.py,252,POST,/monitor,intel_monitor,True,admin,False,,False,,False,,P1,operational mutation (sync) with permission hint but no obvious audit hint
backend/app/api/routers/intelligence.py,285,POST,/compare,intel_compare,True,admin,False,,False,,False,,P1,operational mutation (sync) with permission hint but no obvious audit hint
backend/app/api/routers/intelligence.py,320,POST,/bh/refresh-now,bh_refresh_now,True,admin,False,,True,snapshot,False,,P0,"high-impact mutation (clear); missing/unclear: audit, confirm/reason"
backend/app/api/routers/intelligence.py,349,POST,/learn/url,learn_from_url,True,admin,False,,True,status,False,,P1,operational mutation (sync) with permission hint but no obvious audit hint
backend/app/api/routers/intelligence.py,391,POST,/via/learn-now,via_learn_now,True,admin,False,,False,,False,,P0,"high-impact mutation (clear); missing/unclear: audit, confirm/reason"
backend/app/api/routers/intelligence.py,412,POST,/via/evaluate-now,via_evaluate_now,True,admin,False,,False,,False,,P1,operational mutation (sync) with permission hint but no obvious audit hint
backend/app/api/routers/intelligence.py,443,POST,/via/proposals/{proposal_key}/approve,via_proposal_approve,True,admin,False,,False,,False,,P0,"high-impact mutation (clear); missing/unclear: audit, confirm/reason"
backend/app/api/routers/intelligence.py,454,POST,/via/proposals/{proposal_key}/reject,via_proposal_reject,True,admin,False,,False,,False,,P0,"high-impact mutation (clear); missing/unclear: audit, confirm/reason"
backend/app/api/routers/intelligence.py,465,POST,/via/proposals/{proposal_key}/apply,via_proposal_apply,True,admin,False,,False,,False,,P0,"high-impact mutation (clear); missing/unclear: audit, confirm/reason"
backend/app/api/routers/intelligence.py,476,POST,/via/proposals/{proposal_key}/stage,via_proposal_stage,True,admin,False,,False,,False,,P0,"high-impact mutation (clear); missing/unclear: audit, confirm/reason"
backend/app/api/routers/intelligence.py,487,POST,/via/policies/{version_key}/promote,via_policy_promote,True,admin,False,,True,version,False,,P0,"high-impact mutation (clear); missing/unclear: audit, confirm/reason"
backend/app/api/routers/intelligence.py,505,POST,/via/policies/{version_key}/rollback,via_policy_rollback,True,admin,False,,True,"rollback, version",False,,P0,"high-impact mutation (clear); missing/unclear: audit, confirm/reason"
backend/app/api/routers/intelligence.py,516,POST,/via/policies/{version_key}/advance-rollout,via_policy_advance_rollout,True,admin,False,,True,version,False,,P0,"high-impact mutation (clear); missing/unclear: audit, confirm/reason"
backend/app/api/routers/intelligence.py,648,POST,/student/schools,student_save_school,True,admin,False,,True,status,False,,P1,operational mutation (sync) with permission hint but no obvious audit hint
backend/app/api/routers/intelligence.py,673,POST,/student/batches,student_create_batch,True,admin,False,,False,,False,,P0,"high-impact mutation (clear); missing/unclear: audit, confirm/reason"
backend/app/api/routers/intelligence.py,727,POST,/student/cards/{qr_id}/revoke,student_revoke_card,True,admin,False,,False,,True,reason,P0,high-impact mutation (clear); missing/unclear: audit
backend/app/api/routers/intelligence.py,737,POST,/student/cards/{qr_id}/reissue,student_reissue_card,True,admin,False,,False,,False,,P0,"high-impact mutation (clear); missing/unclear: audit, confirm/reason"
backend/app/api/routers/intelligence.py,753,POST,/viltrox/scan-now,viltrox_scan_now,True,admin,False,,False,,False,,P0,"high-impact mutation (clear); missing/unclear: audit, confirm/reason"
backend/app/api/routers/intelligence.py,769,POST,/viltrox/reset-official-roster,viltrox_reset_official_roster,True,admin,False,,True,restore,False,,P0,"high-impact mutation (clear, reset); missing/unclear: audit, confirm/reason"
backend/app/api/routers/intelligence.py,790,POST,/system/cache/clear,system_cache_clear,True,admin,False,,False,,False,,P0,"high-impact mutation (clear); missing/unclear: audit, confirm/reason"
backend/app/api/routers/intelligence_admin.py,59,POST,/intelligence/market/gaps/generate,generate_market_gaps,True,admin,False,,False,,False,,P1,"operational mutation (generate, sync) with permission hint but no obvious audit hint"
backend/app/api/routers/intelligence_admin.py,91,POST,/intelligence/brand/insights/generate,generate_brand_insights,True,admin,False,,False,,False,,P1,"operational mutation (generate, sync) with permission hint but no obvious audit hint"
backend/app/api/routers/intelligence_admin.py,101,PUT,/intelligence/brand/voice,update_brand_voice,True,admin,False,,False,,False,,P1,mutation has permission hint but no obvious audit hint in router/function body
backend/app/api/routers/kol_ops.py,146,POST,/search/platform,search_kol_platform,True,"require_tab, staff=depends",False,,True,"log_, status",False,,P1,operational mutation (sync) with permission hint but no obvious audit hint
backend/app/api/routers/kol_ops.py,180,POST,/tools/analyze-url,analyze_kol_url_tool,True,"require_tab, staff=depends",False,,True,"log_, status",False,,P1,"operational mutation (analyze, sync) with permission hint but no obvious audit hint"
backend/app/api/routers/kol_ops.py,261,PATCH,/candidates/{candidate_id},update_candidate,True,"require_tab, staff=depends",False,,True,"log_, status",False,,P1,mutation has permission hint but no obvious audit hint in router/function body
backend/app/api/routers/kol_ops.py,292,POST,/candidates/{candidate_id}/promote,promote_candidate,True,"require_tab, staff=depends",False,,True,"log_, status",False,,P1,operational mutation (promote) with permission hint but no obvious audit hint
backend/app/api/routers/kol_ops.py,395,POST,/kols/{kol_id}/scan-account,scan_kol_account_endpoint,True,"require_tab, staff=depends",False,,True,"log_, snapshot, status",False,,P1,operational mutation (sync) with permission hint but no obvious audit hint
backend/app/api/routers/kol_ops.py,414,POST,/kols/{kol_id}/analyze-account,analyze_kol_account_endpoint,True,"require_tab, staff=depends",False,,True,"log_, snapshot",False,,P1,"operational mutation (analyze, sync) with permission hint but no obvious audit hint"
backend/app/api/routers/kol_ops.py,466,POST,/kols,create_kol,True,"owner, require_tab, staff=depends",False,,True,"log_, status",False,,P1,operational mutation (promote) with permission hint but no obvious audit hint
backend/app/api/routers/kol_ops.py,522,PATCH,/kols/{kol_id},update_kol,True,"owner, require_tab, staff=depends",False,,True,"log_, status",False,,P1,operational mutation (promote) with permission hint but no obvious audit hint
backend/app/api/routers/kol_ops.py,546,DELETE,/kols/{kol_id},delete_kol,True,"require_tab, staff=depends",False,,True,status,True,confirm,P0,high-impact mutation (delete); missing/unclear: audit
backend/app/api/routers/kol_ops.py,575,POST,/kols/import-csv,import_kols_csv,True,"owner, require_tab, staff=depends",False,,True,"log_, status, version",True,comment,P1,"operational mutation (import, upload) with permission hint but no obvious audit hint"
backend/app/api/routers/kol_ops.py,773,POST,/kols/{kol_id}/ai-suggestions,ai_suggestions,True,"require_tab, staff=depends",False,,True,"log_, status",True,comment,P1,mutation has permission hint but no obvious audit hint in router/function body
backend/app/api/routers/kol_ops_content.py,26,POST,/kols/{kol_id}/outreach,create_outreach,True,"require_tab, staff=depends",False,,True,"log_, status",False,,P1,mutation has permission hint but no obvious audit hint in router/function body
backend/app/api/routers/kol_ops_content.py,52,POST,/kols/{kol_id}/campaigns,create_campaign,True,"require_tab, staff=depends",False,,True,"log_, status",False,,P1,mutation has permission hint but no obvious audit hint in router/function body
backend/app/api/routers/kol_ops_content.py,82,PATCH,/campaigns/{campaign_id},update_campaign,True,"require_tab, staff=depends",False,,True,"log_, status",False,,P1,mutation has permission hint but no obvious audit hint in router/function body
backend/app/api/routers/kol_ops_content.py,106,POST,/content,create_content,True,"require_tab, staff=depends",False,,True,"log_, status",True,comment,P1,mutation has permission hint but no obvious audit hint in router/function body
backend/app/api/routers/kol_ops_content.py,151,PATCH,/content/{content_id},update_content,True,"require_tab, staff=depends",False,,True,"log_, status",True,comment,P1,mutation has permission hint but no obvious audit hint in router/function body
backend/app/api/routers/kol_ops_content.py,185,POST,/content/{content_id}/score,score_content,True,"require_tab, staff=depends",False,,True,"log_, status",False,,P1,operational mutation (sync) with permission hint but no obvious audit hint
backend/app/api/routers/kol_ops_content.py,229,POST,/content/{content_id}/analyze-url,analyze_content_url,True,"require_tab, staff=depends",False,,True,"log_, status",False,,P1,"operational mutation (analyze, sync) with permission hint but no obvious audit hint"
backend/app/api/routers/kol_ops_content.py,276,POST,/content/{content_id}/attribute,attribute_content,True,"require_tab, staff=depends",False,,True,"log_, status",False,,P1,mutation has permission hint but no obvious audit hint in router/function body
backend/app/api/routers/platform_ingest.py,34,POST,/{platform}/webhook,ingest_platform_webhook,False,,False,,True,status,False,,P0,business mutation with no obvious permission dependency in router function
backend/app/api/routers/student_identity.py,91,POST,/api/creator-public/click,creator_public_click,False,,False,,True,status,False,,P0,business mutation with no obvious permission dependency in router function
backend/app/api/routers/student_identity.py,146,POST,/api/student/signup,student_signup,False,,False,,True,status,False,,P0,business mutation with no obvious permission dependency in router function
backend/app/api/routers/student_identity.py,179,POST,/api/student/pass/check-in,student_pass_check_in,False,,False,,True,status,False,,P0,business mutation with no obvious permission dependency in router function
backend/app/api/routers/system_admin.py,87,POST,/integrations/health-check-all,health_check_all,True,"admin, require_tab",False,,False,,False,,P1,operational mutation (sync) with permission hint but no obvious audit hint
backend/app/api/routers/system_admin.py,92,POST,/integrations/{integration_id}/test,test_integration,True,"admin, require_tab",False,,False,,False,,P1,operational mutation (sync) with permission hint but no obvious audit hint
backend/app/api/routers/system_admin.py,97,POST,/integrations/{integration_id}/disable,disable_integration,True,"admin, require_tab, staff=depends",True,record_admin_action,False,,False,,P2,mutation appears guarded/audited; rollback behavior not obvious from static scan
backend/app/api/routers/system_admin.py,113,POST,/integrations/{integration_id}/enable,enable_integration,True,"admin, require_tab, staff=depends",True,record_admin_action,False,,False,,P2,mutation appears guarded/audited; rollback behavior not obvious from static scan
backend/app/api/routers/system_admin.py,188,POST,/runtime/scheduler/{job_id}/run-now,run_scheduler_job,True,"admin, require_tab, staff=depends",True,record_admin_action,False,,False,,P2,mutation appears guarded/audited; rollback behavior not obvious from static scan
backend/app/api/routers/system_admin.py,209,POST,/runtime/cache/{tier}/clear,clear_cache_tier,True,"admin, require_tab, staff=depends",True,record_admin_action,False,,False,,P0,high-impact mutation (clear); missing/unclear: confirm/reason
backend/app/api/routers/system_admin.py,242,POST,/system/providers/{provider}/probe,probe_provider,True,admin,False,,False,,False,,P0,"high-impact mutation (api-key, api_key); missing/unclear: audit, confirm/reason"
backend/app/api/routers/system_admin.py,254,POST,/system/keys/rotate,rotate_provider_key,True,"admin, staff=depends",True,record_admin_action,True,status,True,confirm,P1,"high-impact mutation (api-key, api_key, rotate, secret) has basic guard hints; dynamic verification required"
backend/app/api/routers/system_admin.py,295,POST,/system/restart,restart_system_roles,True,"admin, staff=depends",True,record_admin_action,True,status,True,"confirm, dry_run",P1,high-impact mutation (restart) has basic guard hints; dynamic verification required
backend/app/api/routers/system_admin.py,376,POST,/system/models/switch,switch_system_model,True,"admin, staff=depends",True,record_admin_action,True,status,True,confirm,P1,high-impact mutation (secret) has basic guard hints; dynamic verification required
backend/app/api/routers/system_admin.py,451,PUT,/trust/rules/{rule_id},update_trust_rule,True,"admin, require_tab, staff=depends",True,record_admin_action,False,,False,,P2,mutation appears guarded/audited; rollback behavior not obvious from static scan
backend/app/api/routers/system_admin.py,468,PUT,/trust/thresholds,update_thresholds,True,"admin, require_tab, staff=depends",True,record_admin_action,False,,False,,P2,mutation appears guarded/audited; rollback behavior not obvious from static scan
backend/app/api/routers/system_admin.py,488,POST,/users/{user_id}/block,block_user,True,"admin, require_tab, staff=depends",True,record_admin_action,False,,True,reason,P1,high-impact mutation (block) has basic guard hints; dynamic verification required
backend/app/api/routers/system_admin.py,508,POST,/users/{user_id}/unblock,unblock_user,True,"admin, require_tab, staff=depends",True,record_admin_action,False,,True,reason,P1,high-impact mutation (block) has basic guard hints; dynamic verification required
backend/app/api/routers/system_admin.py,525,POST,/users/{user_id}/flag,flag_user,True,"admin, require_tab, staff=depends",True,record_admin_action,False,,True,reason,P2,mutation appears guarded/audited; rollback behavior not obvious from static scan
backend/app/api/routers/system_admin.py,543,POST,/users/{user_id}/clear-flag,clear_flag,True,"admin, require_tab, staff=depends",True,record_admin_action,False,,False,,P0,high-impact mutation (clear); missing/unclear: confirm/reason
backend/app/api/routers/system_admin.py,559,POST,/users/{user_id}/adjust-score,adjust_score,True,"admin, require_tab, staff=depends",True,record_admin_action,False,,True,reason,P2,mutation appears guarded/audited; rollback behavior not obvious from static scan
backend/app/api/routers/system_admin.py,589,POST,/staff,add_staff,True,"admin, staff=depends",True,record_admin_action,True,status,False,,P2,mutation appears guarded with audit/rollback hints; dynamic smoke still required
backend/app/api/routers/system_admin.py,609,POST,/staff/invite,invite_staff,True,"admin, staff=depends",True,record_admin_action,True,status,False,,P2,mutation appears guarded with audit/rollback hints; dynamic smoke still required
backend/app/api/routers/system_admin.py,629,POST,/staff/accept-invite,accept_staff_invite,False,,False,,True,status,False,,P0,business mutation with no obvious permission dependency in router function
backend/app/api/routers/system_admin.py,640,PATCH,/staff/{staff_id},update_staff,True,"admin, staff=depends",True,record_admin_action,False,,False,,P2,mutation appears guarded/audited; rollback behavior not obvious from static scan
backend/app/api/routers/system_admin.py,657,POST,/staff/{staff_id}/permissions,update_staff_permissions,True,"admin, owner, staff=depends",True,record_admin_action,True,status,False,,P2,mutation appears guarded with audit/rollback hints; dynamic smoke still required
backend/app/api/routers/system_admin.py,683,POST,/staff/{staff_id}/suspend,suspend_staff,True,"admin, staff=depends",True,record_admin_action,False,,True,reason,P2,mutation appears guarded/audited; rollback behavior not obvious from static scan
backend/app/api/routers/system_admin.py,700,POST,/staff/{staff_id}/reactivate,reactivate_staff,True,"admin, staff=depends",True,record_admin_action,False,,False,,P2,mutation appears guarded/audited; rollback behavior not obvious from static scan
backend/app/api/routers/system_admin.py,716,POST,/staff/{staff_id}/resend-invite,resend_staff_invite,True,"admin, staff=depends",True,record_admin_action,True,status,False,,P2,mutation appears guarded with audit/rollback hints; dynamic smoke still required
backend/app/api/routers/system_admin.py,738,DELETE,/staff/{staff_id},delete_staff_member,True,"admin, staff=depends",True,record_admin_action,True,status,False,,P0,high-impact mutation (delete); missing/unclear: confirm/reason
backend/app/api/routers/system_admin.py,794,POST,/staff/api-tokens,create_token,True,"admin, staff=depends",True,record_admin_action,False,,False,,P0,"high-impact mutation (api-key, api_key); missing/unclear: confirm/reason"
backend/app/api/routers/system_admin.py,812,DELETE,/staff/api-tokens/{token_id},revoke_token,True,"admin, staff=depends",True,record_admin_action,False,,False,,P0,"high-impact mutation (api-key, api_key, delete); missing/unclear: rollback/soft-delete, confirm/reason"
backend/app/api/routers/uploads.py,69,POST,/api/upload/video,upload_video,True,"current_user, get_current_user",False,,True,status,False,,P1,"operational mutation (sync, upload) with permission hint but no obvious audit hint"
backend/app/api/routers/uploads.py,178,POST,/api/admin/upload/reward-image,admin_upload_reward_image,True,admin,False,,True,status,False,,P1,"operational mutation (sync, upload) with permission hint but no obvious audit hint"
backend/app/api/routers/verify.py,361,POST,/preview,preview_verification_target,True,"current_user, get_current_user",False,,False,,False,,P1,operational mutation (sync) with permission hint but no obvious audit hint
backend/app/api/routers/verify.py,382,POST,/start,start_verification,True,"current_user, get_current_user",False,,True,status,True,comment,P1,operational mutation (sync) with permission hint but no obvious audit hint
backend/app/api/routers/verify.py,445,POST,/posted,mark_as_posted,True,"current_user, get_current_user",False,,True,status,False,,P1,operational mutation (sync) with permission hint but no obvious audit hint
backend/app/api/routers/verify.py,539,POST,/scan-now,admin_trigger_scan,True,admin,False,,True,status,False,,P1,operational mutation (sync) with permission hint but no obvious audit hint
backend/app/api/routers/verify.py,584,POST,/{verification_id}/scan,admin_rescan_single,True,admin,False,,True,status,False,,P1,operational mutation (sync) with permission hint but no obvious audit hint
backend/app/api/routers/verify.py,627,POST,/{verification_id}/approve,admin_approve,True,admin,False,,True,status,False,,P1,"operational mutation (approve, sync) with permission hint but no obvious audit hint"
backend/app/api/routers/verify.py,641,POST,/{verification_id}/reject,admin_reject,True,admin,False,,True,status,True,reason,P1,"operational mutation (reject, sync) with permission hint but no obvious audit hint"
backend/app/api/routers/via.py,49,POST,/sessions,create_via_session,True,"current_user, get_current_user",False,,False,,False,,P1,"operational mutation (sync, upload) with permission hint but no obvious audit hint"
backend/app/api/routers/via.py,76,PATCH,/sessions/{session_key}/persona,patch_via_persona,False,,False,,True,status,False,,P0,business mutation with no obvious permission dependency in router function
backend/app/api/routers/via.py,90,POST,/sessions/{session_key}/memory/refresh,refresh_via_memory,False,,False,,True,status,False,,P0,business mutation with no obvious permission dependency in router function
backend/app/api/routers/via.py,99,POST,/sessions/{session_key}/events,post_via_event,False,,False,,True,status,False,,P0,business mutation with no obvious permission dependency in router function
backend/app/api/routers/via.py,117,POST,/sessions/{session_key}/respond,respond_via_session,False,,False,,True,status,False,,P0,business mutation with no obvious permission dependency in router function
backend/app/api/routers/via.py,135,POST,/sessions/{session_key}/reward-traces,post_via_reward_trace,False,,False,,True,status,True,idempotency,P0,business mutation with no obvious permission dependency in router function
backend/app/api/routers/vkpi.py,28,POST,/shopify/orders,shopify_order_webhook,False,,False,,True,status,False,,P0,business mutation with no obvious permission dependency in router function
backend/app/api/routers/vkpi.py,29,POST,/shopify,shopify_order_webhook,False,,False,,True,status,False,,P0,business mutation with no obvious permission dependency in router function
backend/app/api/routers/vkpi.py,46,POST,/shopify/refunds,shopify_refund_webhook,False,,False,,True,status,False,,P0,business mutation with no obvious permission dependency in router function
backend/app/api/routers/vkpi_attribution_metrics.py,72,POST,/attribution,create_attribution,True,"require_tab, scope., staff=depends",False,,True,status,False,,P1,mutation has permission hint but no obvious audit hint in router/function body
backend/app/api/routers/vkpi_attribution_metrics.py,82,POST,/attribution/amazon/import,import_amazon,True,"require_tab, scope., staff=depends",False,,True,status,False,,P1,operational mutation (import) with permission hint but no obvious audit hint
backend/app/api/routers/vkpi_attribution_metrics.py,142,POST,/attribution/amazon/upload,upload_amazon_report,True,"require_tab, scope., staff=depends",False,,True,status,False,,P1,"operational mutation (import, sync, upload) with permission hint but no obvious audit hint"
backend/app/api/routers/vkpi_attribution_metrics.py,226,POST,/shopify/sync,shopify_sync,True,"require_tab, staff=depends",False,,True,status,False,,P1,operational mutation (sync) with permission hint but no obvious audit hint
backend/app/api/routers/vkpi_attribution_metrics.py,232,POST,/shopify/backfill,shopify_backfill,True,"require_tab, staff=depends",False,,True,status,False,,P0,"high-impact mutation (backfill); missing/unclear: audit, confirm/reason"
backend/app/api/routers/vkpi_attribution_metrics.py,247,POST,/alerts/generate,generate_alerts,True,"require_tab, staff=depends",False,,False,,False,,P1,operational mutation (generate) with permission hint but no obvious audit hint
backend/app/api/routers/vkpi_attribution_metrics.py,263,POST,/alerts/{alert_id}/resolve,resolve_alert,True,"require_tab, scope., staff=depends",False,,True,status,False,,P1,mutation has permission hint but no obvious audit hint in router/function body
backend/app/api/routers/vkpi_attribution_metrics.py,305,POST,/rollups/run-now,run_rollup,True,"require_tab, staff=depends",True,ledger,False,,False,,P2,mutation appears guarded/audited; rollback behavior not obvious from static scan
backend/app/api/routers/vkpi_attribution_metrics.py,316,POST,/lineage/runs,lineage_create_run,True,"require_tab, resolve_staff_id, staff=depends",False,,True,status,False,,P1,operational mutation (generate) with permission hint but no obvious audit hint
backend/app/api/routers/vkpi_comment_intelligence.py,29,POST,/process-post/{post_id},api_process_post,True,require_permission,False,,False,,True,comment,P0,high-impact mutation (process); missing/unclear: audit
backend/app/api/routers/vkpi_comment_intelligence.py,56,POST,/process-recent,api_process_recent,True,require_permission,False,,False,,True,comment,P0,high-impact mutation (process); missing/unclear: audit
backend/app/api/routers/vkpi_comment_intelligence.py,103,POST,/runs/{run_id}/retry,api_retry_run,True,require_permission,False,,False,,True,comment,P1,mutation has permission hint but no obvious audit hint in router/function body
backend/app/api/routers/vkpi_comments.py,21,POST,/collect-post/{post_id},api_collect_post_comments,True,require_permission,False,,False,,True,comment,P1,mutation has permission hint but no obvious audit hint in router/function body
backend/app/api/routers/vkpi_comments.py,38,POST,/batch-collect,api_batch_collect,True,require_permission,False,,False,,True,comment,P1,mutation has permission hint but no obvious audit hint in router/function body
backend/app/api/routers/vkpi_costs.py,50,PATCH,/costs/{cost_id},update_cost,True,"require_tab, scope., staff=depends",False,,True,status,False,,P1,mutation has permission hint but no obvious audit hint in router/function body
backend/app/api/routers/vkpi_costs.py,63,POST,/costs/{cost_id}/approve,approve_cost,True,"require_tab, staff=depends",False,,True,status,False,,P1,operational mutation (approve) with permission hint but no obvious audit hint
backend/app/api/routers/vkpi_costs.py,72,POST,/costs/{cost_id}/void,void_cost,True,"require_tab, staff=depends",False,,True,"status, void",False,,P0,"high-impact mutation (void); missing/unclear: audit, confirm/reason"
backend/app/api/routers/vkpi_costs.py,91,POST,/product-costs,upsert_product_cost,True,"require_tab, staff=depends",False,,True,status,False,,P1,mutation has permission hint but no obvious audit hint in router/function body
backend/app/api/routers/vkpi_data_quality.py,29,POST,/data-quality/{issue_id}/resolve,data_quality_resolve,True,"require_tab, staff=depends",False,,True,status,False,,P1,mutation has permission hint but no obvious audit hint in router/function body
backend/app/api/routers/vkpi_data_quality.py,40,POST,/data-quality/{issue_id}/ignore,data_quality_ignore,True,"require_tab, staff=depends",False,,True,status,False,,P1,mutation has permission hint but no obvious audit hint in router/function body
backend/app/api/routers/vkpi_data_quality.py,51,POST,/data-quality/{issue_id}/assign,data_quality_assign,True,"require_tab, staff=depends",False,,True,status,False,,P1,mutation has permission hint but no obvious audit hint in router/function body
backend/app/api/routers/vkpi_data_quality.py,62,POST,/data-quality/{issue_id}/rerun,data_quality_rerun,True,"require_tab, staff=depends",False,,True,status,False,,P1,mutation has permission hint but no obvious audit hint in router/function body
backend/app/api/routers/vkpi_data_quality.py,73,POST,/data-quality/{issue_id}/evidence,data_quality_evidence,True,"require_tab, staff=depends",False,,True,status,False,,P1,mutation has permission hint but no obvious audit hint in router/function body
backend/app/api/routers/vkpi_data_quality.py,84,POST,/data-quality/{issue_id}/reopen,data_quality_reopen,True,"require_tab, staff=depends",False,,True,status,False,,P1,mutation has permission hint but no obvious audit hint in router/function body
backend/app/api/routers/vkpi_evidence_assets.py,32,POST,/evidence/uploads,upload_evidence_file,True,"require_tab, staff=depends",False,,True,status,False,,P1,"operational mutation (sync, upload) with permission hint but no obvious audit hint"
backend/app/api/routers/vkpi_evidence_assets.py,88,POST,/messages,create_message,True,"require_tab, scope., staff=depends",False,,True,status,False,,P1,mutation has permission hint but no obvious audit hint in router/function body
backend/app/api/routers/vkpi_evidence_assets.py,110,POST,/messages/{message_id}/attachments,add_message_attachment,True,"require_tab, scope., staff=depends",False,,True,status,False,,P1,mutation has permission hint but no obvious audit hint in router/function body
backend/app/api/routers/vkpi_evidence_assets.py,138,POST,/content,create_content,True,"require_tab, scope., staff=depends",False,,True,status,False,,P1,mutation has permission hint but no obvious audit hint in router/function body
backend/app/api/routers/vkpi_evidence_assets.py,160,POST,/content/{post_id}/assets,add_content_asset,True,"require_tab, scope., staff=depends",False,,True,status,False,,P1,mutation has permission hint but no obvious audit hint in router/function body
backend/app/api/routers/vkpi_evidence_assets.py,188,POST,/terms,upsert_terms,True,"require_tab, scope., staff=depends",False,,True,status,False,,P1,mutation has permission hint but no obvious audit hint in router/function body
backend/app/api/routers/vkpi_evidence_assets.py,210,POST,/deliverables,add_deliverable,True,"require_tab, scope., staff=depends",False,,True,status,False,,P1,mutation has permission hint but no obvious audit hint in router/function body
backend/app/api/routers/vkpi_evidence_assets.py,222,PATCH,/deliverables/{deliverable_id},update_deliverable,True,"require_tab, scope., staff=depends",False,,True,status,False,,P1,mutation has permission hint but no obvious audit hint in router/function body
backend/app/api/routers/vkpi_evidence_assets.py,248,POST,/shipments,create_shipment,True,"require_tab, scope., staff=depends",False,,True,status,False,,P1,mutation has permission hint but no obvious audit hint in router/function body
backend/app/api/routers/vkpi_evidence_assets.py,270,PATCH,/shipments/{shipment_id},update_shipment,True,"require_tab, scope., staff=depends",False,,True,status,False,,P1,mutation has permission hint but no obvious audit hint in router/function body
backend/app/api/routers/vkpi_evidence_assets.py,280,POST,/shipments/{shipment_id}/receive,receive_shipment,True,"require_tab, scope., staff=depends",False,,True,status,False,,P1,mutation has permission hint but no obvious audit hint in router/function body
backend/app/api/routers/vkpi_feedback.py,14,POST,/feedback,create_feedback,True,"require_tab, staff=depends",False,,True,status,False,,P1,mutation has permission hint but no obvious audit hint in router/function body
backend/app/api/routers/vkpi_feedback.py,31,PATCH,/feedback/{uid},update_feedback,True,"admin, require_tab, staff=depends",False,,True,status,False,,P1,mutation has permission hint but no obvious audit hint in router/function body
backend/app/api/routers/vkpi_firewall.py,105,POST,/feature-flags,update_feature_flag,True,"admin, require_tab, staff=depends",True,"audit, audit_action",True,"audit, status",False,,P0,"high-impact mutation (feature-flag, feature_flags, firewall, platform-crawl); missing/unclear: confirm/reason"
backend/app/api/routers/vkpi_firewall.py,142,POST,/platform/{platform},update_platform,True,"admin, require_tab, staff=depends",True,"audit, audit_action",True,"audit, status",False,,P0,"high-impact mutation (firewall, platform-crawl, settings); missing/unclear: confirm/reason"
backend/app/api/routers/vkpi_firewall.py,172,POST,/budget/{budget_key},update_budget,True,"admin, require_tab, staff=depends",True,"audit, audit_action",True,"audit, status",False,,P0,"high-impact mutation (budget, firewall, platform-crawl, settings); missing/unclear: confirm/reason"
backend/app/api/routers/vkpi_industry_automation.py,40,POST,/industry-data/projects,industry_create_project,True,"require_tab, staff=depends",False,,True,status,False,,P1,mutation has permission hint but no obvious audit hint in router/function body
backend/app/api/routers/vkpi_industry_automation.py,56,DELETE,/industry-data/projects/{project_id},industry_delete_project,True,"require_tab, staff=depends",False,,False,,False,,P0,"high-impact mutation (delete); missing/unclear: audit, rollback/soft-delete, confirm/reason"
backend/app/api/routers/vkpi_industry_automation.py,67,POST,/industry-data/projects/{project_id}/accounts,industry_add_account,True,"require_tab, staff=depends",False,,True,status,False,,P1,mutation has permission hint but no obvious audit hint in router/function body
backend/app/api/routers/vkpi_industry_automation.py,75,POST,/industry-data/projects/{project_id}/accounts/import,industry_import_accounts,True,"require_tab, staff=depends",False,,False,,False,,P1,operational mutation (import) with permission hint but no obvious audit hint
backend/app/api/routers/vkpi_industry_automation.py,81,POST,/industry-data/projects/{project_id}/apify/import,industry_import_apify_history,True,"require_tab, staff=depends",False,,True,history,False,,P1,operational mutation (import) with permission hint but no obvious audit hint
backend/app/api/routers/vkpi_industry_automation.py,101,PATCH,/industry-data/accounts/{account_id},industry_update_account,True,"require_tab, staff=depends",False,,True,status,False,,P1,mutation has permission hint but no obvious audit hint in router/function body
backend/app/api/routers/vkpi_industry_automation.py,109,POST,/industry-data/accounts/{account_id}/refresh,industry_refresh_account,True,"require_tab, staff=depends",False,,True,status,False,,P1,mutation has permission hint but no obvious audit hint in router/function body
backend/app/api/routers/vkpi_industry_automation.py,132,POST,/audience-graph/estimate,audience_graph_estimate,True,"require_tab, staff=depends",False,,False,,False,,P1,mutation has permission hint but no obvious audit hint in router/function body
backend/app/api/routers/vkpi_industry_automation.py,149,POST,/automation/experiments,automation_create_experiment,True,"admin, require_tab, staff=depends",False,,True,status,False,,P1,mutation has permission hint but no obvious audit hint in router/function body
backend/app/api/routers/vkpi_industry_automation.py,157,PATCH,/automation/experiments/{experiment_id}/status,automation_experiment_status,True,"admin, require_tab, staff=depends",False,,True,status,False,,P1,mutation has permission hint but no obvious audit hint in router/function body
backend/app/api/routers/vkpi_industry_automation.py,173,POST,/automation/models/{model_version}/activate,automation_activate_model,True,"admin, require_tab, staff=depends",False,,True,"status, version",False,,P1,mutation has permission hint but no obvious audit hint in router/function body
backend/app/api/routers/vkpi_industry_automation.py,187,POST,/automation/ml/score,automation_ml_score,True,"require_tab, staff=depends",False,,True,version,False,,P1,mutation has permission hint but no obvious audit hint in router/function body
backend/app/api/routers/vkpi_industry_automation.py,193,POST,/automation/training-data/export,automation_training_export,True,"admin, require_tab, staff=depends",False,,False,,False,,P1,mutation has permission hint but no obvious audit hint in router/function body
backend/app/api/routers/vkpi_kol_links.py,17,POST,/kols/lookup,lookup_kol,True,"require_tab, scope., staff=depends",False,,True,status,False,,P1,"operational mutation (claim, sync) with permission hint but no obvious audit hint"
backend/app/api/routers/vkpi_kol_links.py,87,PATCH,/kols/{kol_id},update_kol,True,"require_tab, scope., staff=depends",False,,True,status,False,,P1,operational mutation (claim) with permission hint but no obvious audit hint
backend/app/api/routers/vkpi_kol_links.py,99,POST,/kols/{kol_id}/scan-account,scan_kol,True,"require_tab, scope., staff=depends",False,,False,,False,,P1,"operational mutation (claim, sync) with permission hint but no obvious audit hint"
backend/app/api/routers/vkpi_kol_links.py,109,POST,/kols/{kol_id}/analyze-account,analyze_kol,True,"require_tab, scope., staff=depends",False,,True,snapshot,False,,P1,"operational mutation (analyze, claim, sync) with permission hint but no obvious audit hint"
backend/app/api/routers/vkpi_kol_links.py,128,POST,/kols/{kol_id}/claim,claim_kol,True,"require_tab, staff=depends",False,,True,status,False,,P1,operational mutation (claim) with permission hint but no obvious audit hint
backend/app/api/routers/vkpi_kol_links.py,138,POST,/claims/{claim_id}/release,release_claim,True,"require_tab, scope., staff=depends",False,,True,"release, status",False,,P1,operational mutation (claim) with permission hint but no obvious audit hint
backend/app/api/routers/vkpi_kol_links.py,148,POST,/claims/{claim_id}/reassign,reassign_claim,True,"admin, require_tab, staff=depends",False,,True,status,False,,P0,"high-impact mutation (reassign); missing/unclear: audit, confirm/reason"
backend/app/api/routers/vkpi_kol_links.py,206,POST,/links,create_link,True,"require_tab, scope., staff=depends",False,,True,status,False,,P1,mutation has permission hint but no obvious audit hint in router/function body
backend/app/api/routers/vkpi_kol_links.py,216,PATCH,/links/{link_id},update_link,True,"require_tab, scope., staff=depends",False,,True,status,False,,P1,mutation has permission hint but no obvious audit hint in router/function body
backend/app/api/routers/vkpi_kol_links.py,228,POST,/links/{link_id}/pause,pause_link,True,"require_tab, scope., staff=depends",False,,True,status,False,,P1,mutation has permission hint but no obvious audit hint in router/function body
backend/app/api/routers/vkpi_kol_links.py,238,POST,/links/{link_id}/archive,archive_link,True,"require_tab, scope., staff=depends",False,,True,"archive, status",False,,P1,mutation has permission hint but no obvious audit hint in router/function body
backend/app/api/routers/vkpi_kol_links.py,248,POST,/links/{link_id}/health-check,check_link,True,"require_tab, scope., staff=depends",False,,True,status,False,,P1,mutation has permission hint but no obvious audit hint in router/function body
backend/app/api/routers/vkpi_kol_pool.py,64,POST,/kol-pool/batch-enrich,batch_enrich_pool_items,True,"require_tab, staff=depends",True,"audit, audit_action",True,"audit, status",False,,P2,mutation appears guarded with audit/rollback hints; dynamic smoke still required
backend/app/api/routers/vkpi_kol_pool.py,122,POST,/kol-pool/{kol_pool_id}/promote,promote_to_main_kol,True,"require_tab, staff=depends",True,"audit, audit_action",True,"audit, status",False,,P2,mutation appears guarded with audit/rollback hints; dynamic smoke still required
backend/app/api/routers/vkpi_kol_pool.py,151,POST,/kol-pool/{kol_pool_id}/enrich,enrich_pool_item,True,"require_tab, staff=depends",True,"audit, audit_action",True,"audit, status",False,,P2,mutation appears guarded with audit/rollback hints; dynamic smoke still required
backend/app/api/routers/vkpi_kol_pool.py,179,POST,/kol-pool/import,import_pool,True,"owner, require_tab, staff=depends",True,"audit, audit_action",True,"audit, status",False,,P0,"high-impact mutation (budget, feature-flag, firewall); missing/unclear: confirm/reason"
backend/app/api/routers/vkpi_kol_pool.py,228,POST,/kol-pool/{kol_pool_id}/link,link_to_main_kol,True,"require_tab, staff=depends",True,"audit, audit_action",True,"audit, status",False,,P2,mutation appears guarded with audit/rollback hints; dynamic smoke still required
backend/app/api/routers/vkpi_operations.py,29,POST,/analytics/compare,analytics_compare,True,"require_tab, staff=depends",False,,True,status,False,,P1,operational mutation (sync) with permission hint but no obvious audit hint
backend/app/api/routers/vkpi_operations.py,37,POST,/analytics/monitor,analytics_monitor,True,"require_tab, staff=depends",False,,True,status,False,,P1,operational mutation (sync) with permission hint but no obvious audit hint
backend/app/api/routers/vkpi_operations.py,63,POST,/analytics/products,analytics_product_upsert,True,"require_tab, staff=depends",False,,True,status,False,,P1,mutation has permission hint but no obvious audit hint in router/function body
backend/app/api/routers/vkpi_operations.py,71,DELETE,/analytics/products/{product_sku},analytics_product_delete,True,"require_tab, staff=depends",False,,False,,False,,P0,"high-impact mutation (delete); missing/unclear: audit, rollback/soft-delete, confirm/reason"
backend/app/api/routers/vkpi_operations.py,120,POST,/analytics/daily-digest/generate,analytics_daily_digest_generate,True,"require_tab, staff=depends",False,,True,status,False,,P1,operational mutation (generate) with permission hint but no obvious audit hint
backend/app/api/routers/vkpi_operations.py,133,POST,/analytics/suggestions/{suggestion_id}/claim,analytics_suggestion_claim,True,"require_tab, staff=depends",False,,False,,False,,P1,operational mutation (claim) with permission hint but no obvious audit hint
backend/app/api/routers/vkpi_operations.py,138,POST,/analytics/suggestions/{suggestion_id}/create-project,analytics_suggestion_create_project,True,"require_tab, staff=depends",False,,True,status,False,,P1,mutation has permission hint but no obvious audit hint in router/function body
backend/app/api/routers/vkpi_operations.py,148,POST,/analytics/suggestions/{suggestion_id}/dismiss,analytics_suggestion_dismiss,True,"require_tab, staff=depends",False,,False,,True,reason,P1,mutation has permission hint but no obvious audit hint in router/function body
backend/app/api/routers/vkpi_operations.py,158,POST,/channels,bind_channel,True,"require_tab, staff=depends",False,,True,status,False,,P1,mutation has permission hint but no obvious audit hint in router/function body
backend/app/api/routers/vkpi_operations.py,166,DELETE,/channels/{channel_id},unbind_channel,True,"require_tab, scope., staff=depends",False,,True,status,False,,P0,"high-impact mutation (delete); missing/unclear: audit, confirm/reason"
backend/app/api/routers/vkpi_operations.py,176,POST,/channels/{channel_id}/sync-now,sync_channel,True,"require_tab, scope., staff=depends",False,,True,status,False,,P1,operational mutation (sync) with permission hint but no obvious audit hint
backend/app/api/routers/vkpi_operations.py,210,POST,/campaigns,create_campaign,True,"require_tab, staff=depends",False,,True,status,False,,P1,mutation has permission hint but no obvious audit hint in router/function body
backend/app/api/routers/vkpi_operations.py,219,POST,/campaigns/{campaign_id}/projects,campaign_add_project,True,"require_tab, staff=depends",False,,False,,False,,P1,mutation has permission hint but no obvious audit hint in router/function body
backend/app/api/routers/vkpi_operations.py,239,POST,/budget-pools,create_budget_pool,True,"admin, require_tab, staff=depends",False,,True,status,False,,P0,"high-impact mutation (budget); missing/unclear: audit, confirm/reason"
backend/app/api/routers/vkpi_operations.py,247,POST,/budget-pools/{pool_id}/allocate,allocate_budget,True,"admin, require_tab, staff=depends",False,,True,status,False,,P0,"high-impact mutation (budget); missing/unclear: audit, confirm/reason"
backend/app/api/routers/vkpi_operations.py,255,POST,/staff/{staff_id}/offboard/initiate,offboarding_initiate,True,"admin, owner, require_tab, staff=depends",False,,False,,False,,P0,"high-impact mutation (offboard); missing/unclear: audit, confirm/reason"
backend/app/api/routers/vkpi_operations.py,261,POST,/offboarding/{run_id}/execute,offboarding_execute,True,"admin, require_tab, staff=depends",False,,False,,False,,P0,"high-impact mutation (offboard); missing/unclear: audit, confirm/reason"
backend/app/api/routers/vkpi_operations.py,271,POST,/cron/{job_name}/run,cron_run,True,"admin, require_tab, staff=depends",False,,True,status,False,,P1,operational mutation (sync) with permission hint but no obvious audit hint
backend/app/api/routers/vkpi_pillars.py,29,POST,/classify/{post_id},api_classify_one,True,require_permission,False,,False,,False,,P1,mutation has permission hint but no obvious audit hint in router/function body
backend/app/api/routers/vkpi_pillars.py,45,POST,/classify-batch,api_classify_batch,True,require_permission,False,,False,,False,,P1,mutation has permission hint but no obvious audit hint in router/function body
backend/app/api/routers/vkpi_pillars.py,58,POST,/backfill,api_backfill,True,require_permission,False,,False,,False,,P0,"high-impact mutation (backfill); missing/unclear: audit, confirm/reason"
backend/app/api/routers/vkpi_product_analysis.py,25,POST,/product-analysis/launches,product_analysis_create_launch,True,"require_tab, staff=depends",False,,True,status,False,,P1,mutation has permission hint but no obvious audit hint in router/function body
backend/app/api/routers/vkpi_product_analysis.py,41,PATCH,/product-analysis/launches/{launch_id},product_analysis_update_launch,True,"require_tab, staff=depends",False,,True,status,False,,P1,mutation has permission hint but no obvious audit hint in router/function body
backend/app/api/routers/vkpi_product_analysis.py,51,DELETE,/product-analysis/launches/{launch_id},product_analysis_delete_launch,True,"require_tab, staff=depends",False,,True,status,False,,P0,"high-impact mutation (delete); missing/unclear: audit, confirm/reason"
backend/app/api/routers/vkpi_product_analysis.py,59,POST,/product-analysis/kol-pool/import,product_analysis_import_kol_pool,True,"require_tab, staff=depends",False,,False,,False,,P1,operational mutation (import) with permission hint but no obvious audit hint
backend/app/api/routers/vkpi_product_analysis.py,81,POST,/product-analysis/recommendations/run,product_analysis_run_recommendations,True,"require_tab, staff=depends",False,,True,status,False,,P1,mutation has permission hint but no obvious audit hint in router/function body
backend/app/api/routers/vkpi_product_analysis.py,122,POST,/product-analysis/recommendations/{recommendation_id}/{action},product_analysis_recommendation_action,True,"require_tab, staff=depends",False,,True,status,False,,P1,mutation has permission hint but no obvious audit hint in router/function body
backend/app/api/routers/vkpi_projects.py,34,POST,/projects,create_project,True,"require_tab, scope., staff=depends",False,,True,status,False,,P1,mutation has permission hint but no obvious audit hint in router/function body
backend/app/api/routers/vkpi_projects.py,44,POST,/projects/{project_id}/stage,transition_project,True,"require_tab, scope., staff=depends",False,,True,status,False,,P1,mutation has permission hint but no obvious audit hint in router/function body
backend/app/api/routers/vkpi_projects.py,56,DELETE,/projects/{project_id},delete_project,True,"require_tab, scope., staff=depends",False,,True,status,False,,P0,"high-impact mutation (delete); missing/unclear: audit, confirm/reason"
backend/app/api/routers/vkpi_projects.py,66,POST,/projects/{project_id}/ship,ship_project,True,"require_tab, scope., staff=depends",False,,True,status,False,,P1,mutation has permission hint but no obvious audit hint in router/function body
backend/app/api/routers/vkpi_projects.py,79,POST,/projects/{project_id}/publish,publish_project,True,"require_tab, scope., staff=depends",False,,True,status,False,,P1,mutation has permission hint but no obvious audit hint in router/function body
backend/app/api/routers/vkpi_projects.py,92,POST,/projects/{project_id}/costs,add_project_cost,True,"require_tab, scope., staff=depends",False,,True,status,False,,P1,mutation has permission hint but no obvious audit hint in router/function body
backend/app/api/routers/vkpi_projects.py,104,POST,/projects/{project_id}/messages,add_project_message,True,"require_tab, scope., staff=depends",False,,True,status,False,,P1,mutation has permission hint but no obvious audit hint in router/function body
backend/app/api/routers/vkpi_projects.py,114,POST,/projects/{project_id}/content,add_project_content,True,"require_tab, scope., staff=depends",False,,True,status,False,,P1,mutation has permission hint but no obvious audit hint in router/function body
backend/app/api/routers/vkpi_projects.py,126,POST,/projects/{project_id}/terms,upsert_project_terms,True,"require_tab, scope., staff=depends",False,,True,status,False,,P1,mutation has permission hint but no obvious audit hint in router/function body
backend/app/api/routers/vkpi_projects.py,136,POST,/projects/{project_id}/shipments,add_project_shipment,True,"require_tab, scope., staff=depends",False,,True,status,False,,P1,mutation has permission hint but no obvious audit hint in router/function body
backend/app/api/routers/vkpi_reconciliation.py,50,POST,/reconciliation/queue/{queue_id}/resolve,reconciliation_resolve,True,"require_tab, staff=depends",False,,True,status,False,,P1,mutation has permission hint but no obvious audit hint in router/function body
backend/app/api/routers/vkpi_reconciliation.py,61,POST,/reconciliation/queue/{queue_id}/reject,reconciliation_reject,True,"require_tab, staff=depends",False,,True,status,True,reason,P1,operational mutation (reject) with permission hint but no obvious audit hint
backend/app/api/routers/vkpi_reconciliation.py,70,POST,/reconciliation/queue/{queue_id}/assign,reconciliation_assign,True,"require_tab, staff=depends",False,,True,status,False,,P1,mutation has permission hint but no obvious audit hint in router/function body
backend/app/api/routers/vkpi_reconciliation.py,87,POST,/attribution/{attribution_id}/adjust,attribution_adjust,True,"require_tab, staff=depends",False,,True,status,False,,P1,mutation has permission hint but no obvious audit hint in router/function body
backend/app/api/routers/vkpi_reconciliation.py,96,POST,/attribution/{attribution_id}/void,attribution_void,True,"require_tab, staff=depends",False,,True,"status, void",False,,P0,"high-impact mutation (void); missing/unclear: audit, confirm/reason"
backend/app/api/routers/vkpi_reports.py,20,POST,/reports/weekly/generate,generate_weekly_report,True,"require_tab, staff=depends",False,,True,status,False,,P1,operational mutation (generate) with permission hint but no obvious audit hint
backend/app/api/routers/vkpi_reports.py,50,POST,/exports/{export_format},create_export,True,"require_tab, scope., staff=depends",False,,True,status,False,,P1,mutation has permission hint but no obvious audit hint in router/function body
backend/app/api/routers/vkpi_sentiment.py,21,POST,/analyze/{comment_id},api_analyze_one,True,require_permission,False,,False,,True,comment,P1,operational mutation (analyze) with permission hint but no obvious audit hint
backend/app/api/routers/vkpi_sentiment.py,33,POST,/analyze-batch,api_analyze_batch,True,require_permission,False,,False,,True,comment,P1,operational mutation (analyze) with permission hint but no obvious audit hint
backend/app/api/routers/vkpi_sentiment.py,42,POST,/backfill,api_backfill,True,require_permission,False,,False,,True,comment,P0,high-impact mutation (backfill); missing/unclear: audit
backend/app/api/routers/vkpi_settings.py,30,POST,/settings/providers/{provider}/probe,provider_probe,True,"require_tab, staff=depends",False,,False,,False,,P0,"high-impact mutation (settings); missing/unclear: audit, confirm/reason"
backend/app/api/routers/vkpi_settings.py,42,PATCH,/settings/feature-flags,update_feature_flags,True,"admin, require_tab, staff=depends",False,,False,,False,,P0,"high-impact mutation (feature-flag, feature_flags, platform-crawl, settings); missing/unclear: audit, confirm/reason"
backend/app/api/routers/vkpi_settings.py,53,PATCH,/settings/platform-crawl,update_platform_crawl,True,"admin, require_tab, staff=depends",False,,False,,False,,P0,"high-impact mutation (platform-crawl, settings); missing/unclear: audit, confirm/reason"
backend/app/api/routers/vkpi_settings.py,64,PATCH,/settings/budgets,update_budget_settings,True,"admin, require_tab, staff=depends",False,,False,,False,,P0,"high-impact mutation (budget, platform-crawl, settings); missing/unclear: audit, confirm/reason"
backend/app/api/routers/vkpi_settings.py,81,PATCH,/settings/comment-alerts,update_comment_alert_settings,True,"admin, require_tab, staff=depends",False,,False,,True,comment,P0,"high-impact mutation (platform-crawl, settings); missing/unclear: audit"
backend/app/api/routers/vkpi_settings.py,95,PATCH,/settings/preferences,update_preference_settings,True,"require_tab, scope., staff=depends",False,,True,status,False,,P0,"high-impact mutation (settings); missing/unclear: audit, confirm/reason"
backend/app/api/routers/vkpi_settings.py,118,PATCH,/settings/notifications,update_notifications,True,"require_tab, scope., staff=depends",False,,True,status,False,,P0,"high-impact mutation (settings); missing/unclear: audit, confirm/reason"
backend/app/api/routers/vkpi_sync.py,65,POST,/trigger/{job_name},trigger_sync,True,"admin, require_tab, staff=depends",True,"audit, audit_action",True,"audit, status",False,,P2,mutation appears guarded with audit/rollback hints; dynamic smoke still required
backend/app/api/routers/vkpi_weekly_reports.py,22,POST,/generate-for-staff/{staff_id},api_generate_for_staff,True,require_permission,False,,False,,False,,P1,"operational mutation (generate, import) with permission hint but no obvious audit hint"
backend/app/api/routers/vkpi_weekly_reports.py,39,POST,/generate-all,api_generate_all,True,require_permission,False,,False,,False,,P1,operational mutation (generate) with permission hint but no obvious audit hint
