source_file,router_file,method,path_literal,decorator_line,handler_name,handler_def_line,file_is_vkpi,path_is_vkpi,has_permission_dep_grep,permission_keyword,has_audit_grep,audit_keyword,handler_signature,raw_decorator
backend/app/api/routers/account_scanner.py,account_scanner.py,POST,/scan-account,15,api_scan,17,False,False,True,require_tab,False,,"async def api_scan(request: Request, body: dict, staff=Depends(require_tab(""intelligence"", ""write""))):","router.post(""/scan-account"")"
backend/app/api/routers/account_scanner.py,account_scanner.py,POST,/scan-matrix,45,api_matrix,47,False,False,True,require_tab,False,,"async def api_matrix(request: Request, body: dict, staff=Depends(require_tab(""intelligence"", ""write""))):","router.post(""/scan-matrix"")"
backend/app/api/routers/activities.py,activities.py,POST,,135,create_activity,136,False,False,True,require_tab,False,,"def create_activity( body: dict[str, Any], request: Request, admin=Depends(get_admin), _staff=Depends(require_tab(""activities"", ""write"")), ):","router.post("""")"
backend/app/api/routers/activities.py,activities.py,PATCH,/{activity_id},187,update_activity,188,False,False,True,require_tab,False,,"def update_activity( activity_id: int, body: dict[str, Any], request: Request, admin=Depends(get_admin), _staff=Depends(require_tab(""activities"", ""write"")), ):","router.patch(""/{activity_id}"")"
backend/app/api/routers/activities.py,activities.py,POST,/{activity_id}/{action},212,activity_action,213,False,False,True,require_tab,False,,"def activity_action( activity_id: int, action: str, request: Request, admin=Depends(get_admin), _staff=Depends(require_tab(""activities"", ""write"")), ):","router.post(""/{activity_id}/{action}"")"
backend/app/api/routers/activities.py,activities.py,POST,/{activity_id}/attribute-user,423,attribute_user,424,False,False,True,require_tab,False,,"def attribute_user( activity_id: int, body: dict[str, Any], request: Request, admin=Depends(get_admin), _staff=Depends(require_tab(""activities"", ""write"")), ):","router.post(""/{activity_id}/attribute-user"")"
backend/app/api/routers/activities.py,activities.py,POST,/{qr_token}/track,468,track_public_event,470,False,False,False,,False,,"def track_public_event(qr_token: str, body: dict[str, Any], request: Request):","public_router.post(""/{qr_token}/track"")"
backend/app/api/routers/admin.py,admin.py,POST,/api/admin/social-accounts/{account_id}/verify,571,admin_verify_social,573,False,False,True,require_admin,False,,"def admin_verify_social(account_id: int, request: Request):","router.post(""/api/admin/social-accounts/{account_id}/verify"")"
backend/app/api/routers/admin.py,admin.py,POST,/api/admin/social-accounts/{account_id}/reject,580,admin_reject_social,582,False,False,True,require_admin,False,,"def admin_reject_social(account_id: int, request: Request):","router.post(""/api/admin/social-accounts/{account_id}/reject"")"
backend/app/api/routers/admin.py,admin.py,POST,/api/admin/users/upsert,617,admin_upsert_user_account,619,False,False,True,require_admin,False,,async def admin_upsert_user_account(request: Request):,"router.post(""/api/admin/users/upsert"")"
backend/app/api/routers/admin.py,admin.py,POST,/api/admin/users/{uid}/approve,629,admin_approve_user,631,False,False,True,require_admin,False,,"def admin_approve_user(uid: int, request: Request, body: dict | None = None):","router.post(""/api/admin/users/{uid}/approve"")"
backend/app/api/routers/admin.py,admin.py,POST,/api/admin/users/{uid}/reject,640,admin_reject_user,642,False,False,True,require_admin,False,,"def admin_reject_user(uid: int, request: Request, body: dict | None = None):","router.post(""/api/admin/users/{uid}/reject"")"
backend/app/api/routers/admin.py,admin.py,POST,/api/admin/users/{uid}/block,651,admin_block_user,653,False,False,True,require_admin,False,,"def admin_block_user(uid: int, request: Request, body: dict | None = None):","router.post(""/api/admin/users/{uid}/block"")"
backend/app/api/routers/admin.py,admin.py,POST,/api/admin/users/{uid}/unblock,662,admin_unblock_user,664,False,False,True,require_admin,False,,"def admin_unblock_user(uid: int, request: Request, body: dict | None = None):","router.post(""/api/admin/users/{uid}/unblock"")"
backend/app/api/routers/admin.py,admin.py,DELETE,/api/admin/users/{uid},673,admin_delete_user,675,False,False,True,require_admin,False,,"def admin_delete_user(uid: int, request: Request):","router.delete(""/api/admin/users/{uid}"")"
backend/app/api/routers/admin.py,admin.py,POST,/api/admin/creator-public/shop-heroes,873,admin_upsert_creator_shop_hero,874,False,False,True,require_admin,False,,async def admin_upsert_creator_shop_hero(request: Request):,"router.post(""/api/admin/creator-public/shop-heroes"")"
backend/app/api/routers/admin.py,admin.py,DELETE,/api/admin/creator-public/shop-heroes/{hero_id},885,admin_delete_creator_shop_hero,886,False,False,True,require_admin,False,,"def admin_delete_creator_shop_hero(hero_id: str, request: Request):","router.delete(""/api/admin/creator-public/shop-heroes/{hero_id}"")"
backend/app/api/routers/admin.py,admin.py,DELETE,/api/admin/submissions/{submission_id},961,delete_submission,963,False,False,True,require_admin,False,,"def delete_submission(submission_id: int, request: Request):","router.delete(""/api/admin/submissions/{submission_id}"")"
backend/app/api/routers/admin.py,admin.py,POST,/api/admin/submissions/manual,997,manual_add_submission,999,False,False,True,require_admin,False,,"def manual_add_submission(req: ManualSubmissionRequest, request: Request):","router.post(""/api/admin/submissions/manual"")"
backend/app/api/routers/admin.py,admin.py,POST,/api/verify/register,1031,register_verification,1033,False,False,True,require_admin,False,,"def register_verification(req: VerifyRegisterRequest, request: Request):","router.post(""/api/verify/register"")"
backend/app/api/routers/admin.py,admin.py,POST,/api/admin/verifications/{ver_id}/approve,1065,approve_verification,1067,False,False,True,require_admin,False,,"def approve_verification(ver_id: int, request: Request, body: dict | None = None):","router.post(""/api/admin/verifications/{ver_id}/approve"")"
backend/app/api/routers/admin.py,admin.py,POST,/api/admin/verifications/{ver_id}/reject,1080,reject_verification,1082,False,False,True,require_admin,False,,"def reject_verification(ver_id: int, request: Request, body: dict | None = None):","router.post(""/api/admin/verifications/{ver_id}/reject"")"
backend/app/api/routers/admin.py,admin.py,DELETE,/api/admin/verifications/{ver_id},1091,delete_verification,1093,False,False,True,require_admin,False,,"def delete_verification(ver_id: int, request: Request):","router.delete(""/api/admin/verifications/{ver_id}"")"
backend/app/api/routers/admin.py,admin.py,POST,/api/admin/reanalyze/{submission_id},1103,reanalyze_submission,1105,False,False,True,require_admin,False,,"async def reanalyze_submission(submission_id: int, request: Request, req: ReanalyzeRequest = None):","router.post(""/api/admin/reanalyze/{submission_id}"")"
backend/app/api/routers/admin.py,admin.py,POST,/api/admin/approve/{submission_id},1201,manual_approve,1203,False,False,True,require_admin,False,,"def manual_approve(submission_id: int, request: Request, req: ManualApproveRequest = None):","router.post(""/api/admin/approve/{submission_id}"")"
backend/app/api/routers/admin.py,admin.py,POST,/api/admin/reject/{submission_id},1293,manual_reject,1295,False,False,True,require_admin,False,,"def manual_reject(submission_id: int, request: Request, body: dict | None = None):","router.post(""/api/admin/reject/{submission_id}"")"
backend/app/api/routers/admin.py,admin.py,POST,/api/admin/rewards,1381,admin_create_reward,1383,False,False,True,require_admin,False,,"def admin_create_reward(req: RewardItemRequest, request: Request):","router.post(""/api/admin/rewards"")"
backend/app/api/routers/admin.py,admin.py,PATCH,/api/admin/rewards/{rid},1412,admin_update_reward,1414,False,False,True,require_admin,False,,"def admin_update_reward(rid: int, req: RewardItemRequest, request: Request):","router.patch(""/api/admin/rewards/{rid}"")"
backend/app/api/routers/admin.py,admin.py,POST,/api/admin/rewards/{rid}/publish,1424,admin_publish_reward,1426,False,False,True,require_admin,False,,"def admin_publish_reward(rid: int, request: Request):","router.post(""/api/admin/rewards/{rid}/publish"")"
backend/app/api/routers/admin.py,admin.py,POST,/api/admin/rewards/{rid}/archive,1435,admin_archive_reward,1437,False,False,True,require_admin,False,,"def admin_archive_reward(rid: int, request: Request):","router.post(""/api/admin/rewards/{rid}/archive"")"
backend/app/api/routers/admin.py,admin.py,DELETE,/api/admin/rewards/{rid},1446,admin_delete_reward,1448,False,False,True,require_admin,False,,"def admin_delete_reward(rid: int, request: Request):","router.delete(""/api/admin/rewards/{rid}"")"
backend/app/api/routers/admin.py,admin.py,POST,/api/admin/users/batch-grant-points,1516,admin_batch_grant_points,1518,False,False,True,require_admin,False,,async def admin_batch_grant_points(request: Request):,"router.post(""/api/admin/users/batch-grant-points"")"
backend/app/api/routers/admin.py,admin.py,POST,/api/admin/users/grant-points-by-rule,1547,admin_grant_points_by_rule,1549,False,False,True,require_admin,False,,async def admin_grant_points_by_rule(request: Request):,"router.post(""/api/admin/users/grant-points-by-rule"")"
backend/app/api/routers/admin.py,admin.py,PUT,/api/admin/users/{uid}/creator-code,1587,admin_update_creator_code,1589,False,False,True,require_admin,False,,"async def admin_update_creator_code(uid: int, request: Request):","router.put(""/api/admin/users/{uid}/creator-code"")"
backend/app/api/routers/admin.py,admin.py,POST,/api/admin/users/{uid}/adjust_points,1615,admin_adjust_points,1617,False,False,True,require_admin,False,,"async def admin_adjust_points(uid: int, request: Request):","router.post(""/api/admin/users/{uid}/adjust_points"")"
backend/app/api/routers/admin.py,admin.py,POST,/api/admin/redemptions/{rid}/update,1862,admin_update_redemption,1864,False,False,True,require_admin,False,,"async def admin_update_redemption(rid: int, request: Request):","router.post(""/api/admin/redemptions/{rid}/update"")"
backend/app/api/routers/admin.py,admin.py,POST,/api/admin/redemptions/{rid}/approve,1933,admin_approve_redemption,1935,False,False,False,,False,,"async def admin_approve_redemption(rid: int, request: Request):","router.post(""/api/admin/redemptions/{rid}/approve"")"
backend/app/api/routers/admin.py,admin.py,POST,/api/admin/redemptions/{rid}/pack,1939,admin_pack_redemption,1941,False,False,False,,False,,"async def admin_pack_redemption(rid: int, request: Request):","router.post(""/api/admin/redemptions/{rid}/pack"")"
backend/app/api/routers/admin.py,admin.py,POST,/api/admin/redemptions/{rid}/ship,1945,admin_ship_redemption,1947,False,False,False,,False,,"async def admin_ship_redemption(rid: int, request: Request):","router.post(""/api/admin/redemptions/{rid}/ship"")"
backend/app/api/routers/admin.py,admin.py,POST,/api/admin/redemptions/{rid}/deliver,1951,admin_deliver_redemption,1953,False,False,False,,False,,"async def admin_deliver_redemption(rid: int, request: Request):","router.post(""/api/admin/redemptions/{rid}/deliver"")"
backend/app/api/routers/admin.py,admin.py,POST,/api/admin/redemptions/{rid}/reject,1957,admin_reject_redemption,1959,False,False,False,,False,,"async def admin_reject_redemption(rid: int, request: Request):","router.post(""/api/admin/redemptions/{rid}/reject"")"
backend/app/api/routers/admin.py,admin.py,POST,/api/admin/users/{uid}/grant_points,1963,admin_grant_points,1965,False,False,True,require_admin,False,,"async def admin_grant_points(uid: int, request: Request):","router.post(""/api/admin/users/{uid}/grant_points"")"
backend/app/api/routers/admin.py,admin.py,POST,/api/admin/submissions/{submission_id}/correct,2024,correct_submission_product,2026,False,False,True,require_admin,False,,"async def correct_submission_product(submission_id: int, request: Request):","router.post(""/api/admin/submissions/{submission_id}/correct"")"
backend/app/api/routers/admin.py,admin.py,DELETE,/api/admin/learning/corrections,2108,delete_correction_endpoint,2110,False,False,True,require_admin,False,,async def delete_correction_endpoint(request: Request):,"router.delete(""/api/admin/learning/corrections"")"
backend/app/api/routers/audit.py,audit.py,POST,/api/audit,255,audit_async,258,False,False,True,current_user,False,,"async def audit_async( request: Request, req: AuditRequest, current_user: dict | None = Depends(get_user), ):","router.post(""/api/audit"")"
backend/app/api/routers/audit.py,audit.py,POST,/api/audit/v2,256,audit_async,258,False,False,True,current_user,False,,"async def audit_async( request: Request, req: AuditRequest, current_user: dict | None = Depends(get_user), ):","router.post(""/api/audit/v2"")"
backend/app/api/routers/audit.py,audit.py,POST,/api/audit/sync,530,audit_sync,532,False,False,True,current_user,False,,"async def audit_sync( request: Request, req: AuditRequest, current_user: dict | None = Depends(get_user), ):","router.post(""/api/audit/sync"")"
backend/app/api/routers/auth.py,auth.py,POST,/register,129,auth_register,131,False,False,False,,False,,"def auth_register(request: Request, req: RegisterRequest, response: Response):","router.post(""/register"")"
backend/app/api/routers/auth.py,auth.py,POST,/login,234,auth_login,236,False,False,False,,False,,"async def auth_login(request: Request, req: LoginRequest, response: Response):","router.post(""/login"")"
backend/app/api/routers/auth.py,auth.py,POST,/me/avatar,262,update_my_avatar,263,False,False,True,current_user,False,,"async def update_my_avatar( request: Request, response: Response, avatar_url: str = Form(default=""""), file: UploadFile | None = File(default=None), ):","router.post(""/me/avatar"")"
backend/app/api/routers/auth.py,auth.py,POST,/logout,302,auth_logout,303,False,False,False,,False,,def auth_logout(response: Response):,"router.post(""/logout"")"
backend/app/api/routers/auth.py,auth.py,POST,/resend-verification,326,resend_verification,328,False,False,False,,False,,async def resend_verification(request: Request):,"router.post(""/resend-verification"")"
backend/app/api/routers/auth.py,auth.py,POST,/forgot-password,338,forgot_password,340,False,False,False,,False,,async def forgot_password(request: Request):,"router.post(""/forgot-password"")"
backend/app/api/routers/auth.py,auth.py,POST,/reset-password,349,reset_password_endpoint,351,False,False,False,,False,,async def reset_password_endpoint(request: Request):,"router.post(""/reset-password"")"
backend/app/api/routers/auth.py,auth.py,POST,/change-password,368,change_password,370,False,False,True,current_user,False,,async def change_password(request: Request):,"router.post(""/change-password"")"
backend/app/api/routers/brand_analysis.py,brand_analysis.py,POST,/analyze-brand,108,analyze_brand,110,False,False,False,,False,,"async def analyze_brand(request: Request, body: dict):","router.post(""/analyze-brand"")"
backend/app/api/routers/commerce.py,commerce.py,POST,/orders/backfill,70,backfill_orders,71,False,False,True,require_admin,False,,"async def backfill_orders( request: Request, body: dict | None = None, admin=Depends(require_admin), ):","router.post(""/orders/backfill"")"
backend/app/api/routers/commerce.py,commerce.py,POST,/orders/{order_id}/attribute,103,override_attribution,104,False,False,True,require_admin,False,,"def override_attribution( order_id: int, body: dict, request: Request, admin=Depends(require_admin), ):","router.post(""/orders/{order_id}/attribute"")"
backend/app/api/routers/commerce.py,commerce.py,POST,/orders/{order_id}/flag,128,flag_order,129,False,False,True,require_admin,False,,"def flag_order( order_id: int, body: dict, request: Request, admin=Depends(require_admin), ):","router.post(""/orders/{order_id}/flag"")"
backend/app/api/routers/commerce.py,commerce.py,POST,/payouts/cycle/{cycle_id}/approve-all,231,approve_all_in_cycle,232,False,False,True,require_admin,False,,"def approve_all_in_cycle(cycle_id: str, request: Request, admin=Depends(require_admin)):","router.post(""/payouts/cycle/{cycle_id}/approve-all"")"
backend/app/api/routers/commerce.py,commerce.py,POST,/payouts/cycle/{cycle_id}/process,242,process_cycle,243,False,False,True,require_admin,False,,"def process_cycle(cycle_id: str, request: Request, admin=Depends(require_admin)):","router.post(""/payouts/cycle/{cycle_id}/process"")"
backend/app/api/routers/commerce.py,commerce.py,POST,/payouts/{payout_id}/approve,260,approve_payout,261,False,False,True,require_admin,False,,"def approve_payout(payout_id: int, request: Request, admin=Depends(require_admin)):","router.post(""/payouts/{payout_id}/approve"")"
backend/app/api/routers/commerce.py,commerce.py,POST,/payouts/{payout_id}/hold,271,hold_payout,272,False,False,True,require_admin,False,,"def hold_payout( payout_id: int, body: dict, request: Request, admin=Depends(require_admin) ):","router.post(""/payouts/{payout_id}/hold"")"
backend/app/api/routers/commerce.py,commerce.py,POST,/payouts/{payout_id}/release,287,release_payout,288,False,False,True,require_admin,False,,"def release_payout(payout_id: int, request: Request, admin=Depends(require_admin)):","router.post(""/payouts/{payout_id}/release"")"
backend/app/api/routers/commerce.py,commerce.py,POST,/payouts/{payout_id}/adjust,298,adjust_payout,299,False,False,True,require_admin,False,,"def adjust_payout( payout_id: int, body: dict, request: Request, admin=Depends(require_admin) ):","router.post(""/payouts/{payout_id}/adjust"")"
backend/app/api/routers/commerce.py,commerce.py,POST,/payouts/disputes/{dispute_id}/resolve,324,resolve_dispute,325,False,False,True,require_admin,False,,"def resolve_dispute( dispute_id: int, body: dict, request: Request, admin=Depends(require_admin) ):","router.post(""/payouts/disputes/{dispute_id}/resolve"")"
backend/app/api/routers/creator.py,creator.py,POST,/social-accounts,246,add_social_account,248,False,False,True,current_user,False,,async def add_social_account(request: Request):,"router.post(""/social-accounts"")"
backend/app/api/routers/creator.py,creator.py,DELETE,/social-accounts/{account_id},296,delete_social_account,298,False,False,True,current_user,False,,"async def delete_social_account(account_id: int, request: Request):","router.delete(""/social-accounts/{account_id}"")"
backend/app/api/routers/creator.py,creator.py,POST,/addresses,313,creator_add_address,315,False,False,True,current_user,False,,async def creator_add_address(request: Request):,"router.post(""/addresses"")"
backend/app/api/routers/creator.py,creator.py,POST,/redeem,324,creator_redeem,326,False,False,True,current_user,False,,async def creator_redeem(request: Request):,"router.post(""/redeem"")"
backend/app/api/routers/creator.py,creator.py,PATCH,/profile,407,update_profile,409,False,False,True,current_user,False,,async def update_profile(request: Request):,"router.patch(""/profile"")"
backend/app/api/routers/creator.py,creator.py,DELETE,/addresses/{address_id},448,delete_address,450,False,False,True,current_user,False,,"async def delete_address(address_id: int, request: Request):","router.delete(""/addresses/{address_id}"")"
backend/app/api/routers/creator.py,creator.py,PATCH,/addresses/{address_id}/default,459,set_default_address,461,False,False,True,current_user,False,,"async def set_default_address(address_id: int, request: Request):","router.patch(""/addresses/{address_id}/default"")"
backend/app/api/routers/deepsight.py,deepsight.py,POST,/evidence-pack,55,build_pack,57,False,False,True,require_tab,False,,"async def build_pack(request_http: Request, body: DeepSightRequest, staff=Depends(require_tab(""deepsight"", ""write""))):","router.post(""/evidence-pack"")"
backend/app/api/routers/deepsight.py,deepsight.py,POST,/diagnose,69,diagnose,71,False,False,True,require_tab,False,,"async def diagnose(request_http: Request, body: DeepSightRequest, staff=Depends(require_tab(""deepsight"", ""write""))):","router.post(""/diagnose"")"
backend/app/api/routers/deepsight.py,deepsight.py,POST,/scan-official-matrix,75,scan_official_matrix,77,False,False,True,require_tab,False,,"async def scan_official_matrix(request_http: Request, body: dict | None = None, staff=Depends(require_tab(""deepsight"", ""write""))):","router.post(""/scan-official-matrix"")"
backend/app/api/routers/deepsight.py,deepsight.py,POST,/cache/clear,90,cache_clear,92,False,False,True,require_tab,False,,"async def cache_clear(request_http: Request, staff=Depends(require_tab(""deepsight"", ""write""))):","router.post(""/cache/clear"")"
backend/app/api/routers/intelligence.py,intelligence.py,POST,/monitor,252,intel_monitor,254,False,False,True,require_admin,False,,"async def intel_monitor(request: Request, body: dict):","router.post(""/monitor"")"
backend/app/api/routers/intelligence.py,intelligence.py,POST,/compare,285,intel_compare,287,False,False,True,require_admin,False,,"async def intel_compare(request: Request, body: dict):","router.post(""/compare"")"
backend/app/api/routers/intelligence.py,intelligence.py,POST,/bh/refresh-now,320,bh_refresh_now,322,False,False,True,require_admin,False,,"async def bh_refresh_now(request: Request, max_items: int = 500):","router.post(""/bh/refresh-now"")"
backend/app/api/routers/intelligence.py,intelligence.py,POST,/learn/url,349,learn_from_url,351,False,False,True,require_admin,False,,"async def learn_from_url(request: Request, body: dict):","router.post(""/learn/url"")"
backend/app/api/routers/intelligence.py,intelligence.py,POST,/via/learn-now,391,via_learn_now,393,False,False,True,require_admin,False,,async def via_learn_now(request: Request):,"router.post(""/via/learn-now"")"
backend/app/api/routers/intelligence.py,intelligence.py,POST,/via/evaluate-now,412,via_evaluate_now,414,False,False,True,require_admin,False,,"async def via_evaluate_now( request: Request, days: int = Query(default=14, ge=1, le=90), limit: int = Query(default=240, ge=40, le=1200), ):","router.post(""/via/evaluate-now"")"
backend/app/api/routers/intelligence.py,intelligence.py,POST,/via/proposals/{proposal_key}/approve,443,via_proposal_approve,445,False,False,True,require_admin,False,,"async def via_proposal_approve(request: Request, proposal_key: str, body: dict | None = None):","router.post(""/via/proposals/{proposal_key}/approve"")"
backend/app/api/routers/intelligence.py,intelligence.py,POST,/via/proposals/{proposal_key}/reject,454,via_proposal_reject,456,False,False,True,require_admin,False,,"async def via_proposal_reject(request: Request, proposal_key: str, body: dict | None = None):","router.post(""/via/proposals/{proposal_key}/reject"")"
backend/app/api/routers/intelligence.py,intelligence.py,POST,/via/proposals/{proposal_key}/apply,465,via_proposal_apply,467,False,False,True,require_admin,False,,"async def via_proposal_apply(request: Request, proposal_key: str, body: dict | None = None):","router.post(""/via/proposals/{proposal_key}/apply"")"
backend/app/api/routers/intelligence.py,intelligence.py,POST,/via/proposals/{proposal_key}/stage,476,via_proposal_stage,478,False,False,True,require_admin,False,,"async def via_proposal_stage(request: Request, proposal_key: str, body: dict | None = None):","router.post(""/via/proposals/{proposal_key}/stage"")"
backend/app/api/routers/intelligence.py,intelligence.py,POST,/via/policies/{version_key}/promote,487,via_policy_promote,489,False,False,True,require_admin,False,,"async def via_policy_promote(request: Request, version_key: str, body: dict | None = None):","router.post(""/via/policies/{version_key}/promote"")"
backend/app/api/routers/intelligence.py,intelligence.py,POST,/via/policies/{version_key}/rollback,505,via_policy_rollback,507,False,False,True,require_admin,False,,"async def via_policy_rollback(request: Request, version_key: str, body: dict | None = None):","router.post(""/via/policies/{version_key}/rollback"")"
backend/app/api/routers/intelligence.py,intelligence.py,POST,/via/policies/{version_key}/advance-rollout,516,via_policy_advance_rollout,518,False,False,True,require_admin,False,,"async def via_policy_advance_rollout(request: Request, version_key: str, body: dict | None = None):","router.post(""/via/policies/{version_key}/advance-rollout"")"
backend/app/api/routers/intelligence.py,intelligence.py,POST,/student/schools,648,student_save_school,650,False,False,True,require_admin,False,,"async def student_save_school(request: Request, body: dict | None = None):","router.post(""/student/schools"")"
backend/app/api/routers/intelligence.py,intelligence.py,POST,/student/batches,673,student_create_batch,675,False,False,True,require_admin,False,,"async def student_create_batch(request: Request, body: dict | None = None):","router.post(""/student/batches"")"
backend/app/api/routers/intelligence.py,intelligence.py,POST,/student/cards/{qr_id}/revoke,727,student_revoke_card,729,False,False,True,require_admin,False,,"async def student_revoke_card(request: Request, qr_id: str, body: dict | None = None):","router.post(""/student/cards/{qr_id}/revoke"")"
backend/app/api/routers/intelligence.py,intelligence.py,POST,/student/cards/{qr_id}/reissue,737,student_reissue_card,739,False,False,True,require_admin,False,,"async def student_reissue_card(request: Request, qr_id: str):","router.post(""/student/cards/{qr_id}/reissue"")"
backend/app/api/routers/intelligence.py,intelligence.py,POST,/viltrox/scan-now,753,viltrox_scan_now,755,False,False,True,require_admin,False,,"async def viltrox_scan_now(request: Request, body: dict | None = None):","router.post(""/viltrox/scan-now"")"
backend/app/api/routers/intelligence.py,intelligence.py,POST,/viltrox/reset-official-roster,769,viltrox_reset_official_roster,771,False,False,True,require_admin,False,,def viltrox_reset_official_roster(request: Request):,"router.post(""/viltrox/reset-official-roster"")"
backend/app/api/routers/intelligence.py,intelligence.py,POST,/system/cache/clear,790,system_cache_clear,792,False,False,True,require_admin,False,,"def system_cache_clear(request: Request, prefix: str = Query(default="""")):","router.post(""/system/cache/clear"")"
backend/app/api/routers/intelligence_admin.py,intelligence_admin.py,POST,/intelligence/market/gaps/generate,59,generate_market_gaps,60,False,False,True,require_admin,False,,async def generate_market_gaps(admin=Depends(require_admin)):,"router.post(""/intelligence/market/gaps/generate"")"
backend/app/api/routers/intelligence_admin.py,intelligence_admin.py,POST,/intelligence/brand/insights/generate,91,generate_brand_insights,92,False,False,True,require_admin,False,,async def generate_brand_insights(admin=Depends(require_admin)):,"router.post(""/intelligence/brand/insights/generate"")"
backend/app/api/routers/intelligence_admin.py,intelligence_admin.py,PUT,/intelligence/brand/voice,101,update_brand_voice,102,False,False,True,require_admin,False,,"def update_brand_voice(body: dict, admin=Depends(require_admin)):","router.put(""/intelligence/brand/voice"")"
backend/app/api/routers/kol_ops.py,kol_ops.py,POST,/search/platform,146,search_kol_platform,147,True,False,True,require_tab,False,,"async def search_kol_platform(body: dict, staff=Depends(require_tab(""kol_ops"", ""write""))):","router.post(""/search/platform"")"
backend/app/api/routers/kol_ops.py,kol_ops.py,POST,/tools/analyze-url,180,analyze_kol_url_tool,181,True,False,True,require_tab,False,,"async def analyze_kol_url_tool(body: dict, staff=Depends(require_tab(""kol_ops"", ""write""))):","router.post(""/tools/analyze-url"")"
backend/app/api/routers/kol_ops.py,kol_ops.py,PATCH,/candidates/{candidate_id},261,update_candidate,262,True,False,True,require_tab,False,,"def update_candidate(candidate_id: int, body: dict, staff=Depends(require_tab(""kol_ops"", ""write""))):","router.patch(""/candidates/{candidate_id}"")"
backend/app/api/routers/kol_ops.py,kol_ops.py,POST,/candidates/{candidate_id}/promote,292,promote_candidate,293,True,False,True,require_tab,False,,"def promote_candidate(candidate_id: int, body: dict | None = None, staff=Depends(require_tab(""kol_ops"", ""write""))):","router.post(""/candidates/{candidate_id}/promote"")"
backend/app/api/routers/kol_ops.py,kol_ops.py,POST,/kols/{kol_id}/scan-account,395,scan_kol_account_endpoint,396,True,False,True,require_tab,False,,"async def scan_kol_account_endpoint(kol_id: int, body: dict = Body(default={}), staff=Depends(require_tab(""kol_ops"", ""write""))):","router.post(""/kols/{kol_id}/scan-account"")"
backend/app/api/routers/kol_ops.py,kol_ops.py,POST,/kols/{kol_id}/analyze-account,414,analyze_kol_account_endpoint,415,True,False,True,require_tab,False,,"async def analyze_kol_account_endpoint(kol_id: int, body: dict = Body(default={}), staff=Depends(require_tab(""kol_ops"", ""write""))):","router.post(""/kols/{kol_id}/analyze-account"")"
backend/app/api/routers/kol_ops.py,kol_ops.py,POST,/kols,466,create_kol,467,True,False,True,require_tab,False,,"def create_kol(body: dict, staff=Depends(require_tab(""kol_ops"", ""write""))):","router.post(""/kols"")"
backend/app/api/routers/kol_ops.py,kol_ops.py,PATCH,/kols/{kol_id},522,update_kol,523,True,False,True,require_tab,False,,"def update_kol(kol_id: int, body: dict, staff=Depends(require_tab(""kol_ops"", ""write""))):","router.patch(""/kols/{kol_id}"")"
backend/app/api/routers/kol_ops.py,kol_ops.py,DELETE,/kols/{kol_id},546,delete_kol,547,True,False,True,require_tab,False,,"def delete_kol(kol_id: int, body: dict | None = None, staff=Depends(require_tab(""kol_ops"", ""write""))):","router.delete(""/kols/{kol_id}"")"
backend/app/api/routers/kol_ops.py,kol_ops.py,POST,/kols/import-csv,575,import_kols_csv,576,True,False,True,require_tab,False,,"def import_kols_csv(request: Request, file: UploadFile = File(...), staff=Depends(require_tab(""kol_ops"", ""write""))):","router.post(""/kols/import-csv"")"
backend/app/api/routers/kol_ops.py,kol_ops.py,POST,/kols/{kol_id}/ai-suggestions,773,ai_suggestions,774,True,False,True,require_tab,False,,"def ai_suggestions(kol_id: int, staff=Depends(require_tab(""kol_ops"", ""read""))):","router.post(""/kols/{kol_id}/ai-suggestions"")"
backend/app/api/routers/kol_ops_content.py,kol_ops_content.py,POST,/kols/{kol_id}/outreach,26,create_outreach,27,True,True,True,require_tab,False,,"def create_outreach(kol_id: int, body: dict, staff=Depends(require_tab(""kol_ops"", ""write""))):","router.post(""/kols/{kol_id}/outreach"")"
backend/app/api/routers/kol_ops_content.py,kol_ops_content.py,POST,/kols/{kol_id}/campaigns,52,create_campaign,53,True,False,True,require_tab,False,,"def create_campaign(kol_id: int, body: dict, staff=Depends(require_tab(""kol_ops"", ""write""))):","router.post(""/kols/{kol_id}/campaigns"")"
backend/app/api/routers/kol_ops_content.py,kol_ops_content.py,PATCH,/campaigns/{campaign_id},82,update_campaign,83,True,False,True,require_tab,False,,"def update_campaign(campaign_id: int, body: dict, staff=Depends(require_tab(""kol_ops"", ""write""))):","router.patch(""/campaigns/{campaign_id}"")"
backend/app/api/routers/kol_ops_content.py,kol_ops_content.py,POST,/content,106,create_content,107,True,False,True,require_tab,False,,"def create_content(body: dict, staff=Depends(require_tab(""kol_ops"", ""write""))):","router.post(""/content"")"
backend/app/api/routers/kol_ops_content.py,kol_ops_content.py,PATCH,/content/{content_id},151,update_content,152,True,False,True,require_tab,False,,"def update_content(content_id: int, body: dict, staff=Depends(require_tab(""kol_ops"", ""write""))):","router.patch(""/content/{content_id}"")"
backend/app/api/routers/kol_ops_content.py,kol_ops_content.py,POST,/content/{content_id}/score,185,score_content,186,True,False,True,require_tab,False,,"async def score_content( content_id: int, request: Request, body: dict = Body(default_factory=dict), staff=Depends(require_tab(""kol_ops"", ""write"")), ):","router.post(""/content/{content_id}/score"")"
backend/app/api/routers/kol_ops_content.py,kol_ops_content.py,POST,/content/{content_id}/analyze-url,229,analyze_content_url,230,True,False,True,require_tab,False,,"async def analyze_content_url( content_id: int, staff=Depends(require_tab(""kol_ops"", ""write"")), ):","router.post(""/content/{content_id}/analyze-url"")"
backend/app/api/routers/kol_ops_content.py,kol_ops_content.py,POST,/content/{content_id}/attribute,276,attribute_content,277,True,False,True,require_tab,False,,"def attribute_content(content_id: int, body: dict, staff=Depends(require_tab(""kol_ops"", ""write""))):","router.post(""/content/{content_id}/attribute"")"
backend/app/api/routers/platform_ingest.py,platform_ingest.py,POST,/{platform}/webhook,34,ingest_platform_webhook,36,False,False,False,,False,,"async def ingest_platform_webhook(platform: str, request: Request):","router.post(""/{platform}/webhook"")"
backend/app/api/routers/student_identity.py,student_identity.py,POST,/api/creator-public/click,91,creator_public_click,92,False,False,False,,False,,async def creator_public_click(request: Request):,"router.post(""/api/creator-public/click"")"
backend/app/api/routers/student_identity.py,student_identity.py,POST,/api/student/signup,146,student_signup,148,False,False,False,,False,,"def student_signup(request: Request, req: StudentSignupRequest, response: Response):","router.post(""/api/student/signup"")"
backend/app/api/routers/student_identity.py,student_identity.py,POST,/api/student/pass/check-in,179,student_pass_check_in,181,False,False,False,,False,,def student_pass_check_in(payload: StudentPassConsumeRequest):,"router.post(""/api/student/pass/check-in"")"
backend/app/api/routers/system_admin.py,system_admin.py,POST,/integrations/health-check-all,87,health_check_all,88,False,False,True,require_tab,False,,"async def health_check_all(admin=Depends(require_tab(""runtime"", ""write""))):","router.post(""/integrations/health-check-all"")"
backend/app/api/routers/system_admin.py,system_admin.py,POST,/integrations/{integration_id}/test,92,test_integration,93,False,False,True,require_tab,False,,"async def test_integration(integration_id: int, admin=Depends(require_tab(""runtime"", ""write""))):","router.post(""/integrations/{integration_id}/test"")"
backend/app/api/routers/system_admin.py,system_admin.py,POST,/integrations/{integration_id}/disable,97,disable_integration,98,False,False,True,require_tab,False,,"def disable_integration( integration_id: int, request: Request, admin=Depends(require_admin), _staff=Depends(require_tab(""runtime"", ""write"")), ):","router.post(""/integrations/{integration_id}/disable"")"
backend/app/api/routers/system_admin.py,system_admin.py,POST,/integrations/{integration_id}/enable,113,enable_integration,114,False,False,True,require_tab,False,,"def enable_integration( integration_id: int, request: Request, admin=Depends(require_admin), _staff=Depends(require_tab(""runtime"", ""write"")), ):","router.post(""/integrations/{integration_id}/enable"")"
backend/app/api/routers/system_admin.py,system_admin.py,POST,/runtime/scheduler/{job_id}/run-now,188,run_scheduler_job,189,False,False,True,require_tab,False,,"async def run_scheduler_job( job_id: str, request: Request, admin=Depends(require_admin), _staff=Depends(require_tab(""runtime"", ""write"")), ):","router.post(""/runtime/scheduler/{job_id}/run-now"")"
backend/app/api/routers/system_admin.py,system_admin.py,POST,/runtime/cache/{tier}/clear,209,clear_cache_tier,210,False,False,True,require_tab,False,,"def clear_cache_tier( tier: str, request: Request, admin=Depends(require_admin), _staff=Depends(require_tab(""runtime"", ""write"")), ):","router.post(""/runtime/cache/{tier}/clear"")"
backend/app/api/routers/system_admin.py,system_admin.py,POST,/system/providers/{provider}/probe,242,probe_provider,243,False,False,True,Depends,False,,"async def probe_provider( provider: str, body: dict | None = None, admin=Depends(require_system_permission(""system.api_keys"", ""read"")), ):","router.post(""/system/providers/{provider}/probe"")"
backend/app/api/routers/system_admin.py,system_admin.py,POST,/system/keys/rotate,254,rotate_provider_key,255,False,False,True,require_admin,False,,"async def rotate_provider_key( body: dict, request: Request, admin=Depends(require_admin), _staff=Depends(require_system_permission(""system.api_keys"", ""write"")), ):","router.post(""/system/keys/rotate"")"
backend/app/api/routers/system_admin.py,system_admin.py,POST,/system/restart,295,restart_system_roles,296,False,False,True,require_admin,False,,"def restart_system_roles( body: dict, request: Request, admin=Depends(require_admin), _staff=Depends(require_system_permission(""system.restart"", ""write"")), ):","router.post(""/system/restart"")"
backend/app/api/routers/system_admin.py,system_admin.py,POST,/system/models/switch,376,switch_system_model,377,False,False,True,require_admin,False,,"async def switch_system_model( body: dict, request: Request, admin=Depends(require_admin), _staff=Depends(require_system_permission(""system.models"", ""write"")), ):","router.post(""/system/models/switch"")"
backend/app/api/routers/system_admin.py,system_admin.py,PUT,/trust/rules/{rule_id},451,update_trust_rule,452,False,False,True,require_tab,False,,"def update_trust_rule( rule_id: int, body: dict, request: Request, admin=Depends(require_admin), _staff=Depends(require_tab(""command"", ""write"")), ):","router.put(""/trust/rules/{rule_id}"")"
backend/app/api/routers/system_admin.py,system_admin.py,PUT,/trust/thresholds,468,update_thresholds,469,False,False,True,require_tab,False,,"def update_thresholds( body: dict, request: Request, admin=Depends(require_admin), _staff=Depends(require_tab(""command"", ""write"")), ):","router.put(""/trust/thresholds"")"
backend/app/api/routers/system_admin.py,system_admin.py,POST,/users/{user_id}/block,488,block_user,489,False,False,True,require_tab,False,,"def block_user( user_id: int, body: dict, request: Request, admin=Depends(require_admin), _staff=Depends(require_tab(""command"", ""write"")), ):","router.post(""/users/{user_id}/block"")"
backend/app/api/routers/system_admin.py,system_admin.py,POST,/users/{user_id}/unblock,508,unblock_user,509,False,False,True,require_tab,False,,"def unblock_user( user_id: int, body: dict, request: Request, admin=Depends(require_admin), _staff=Depends(require_tab(""command"", ""write"")), ):","router.post(""/users/{user_id}/unblock"")"
backend/app/api/routers/system_admin.py,system_admin.py,POST,/users/{user_id}/flag,525,flag_user,526,False,False,True,require_tab,False,,"def flag_user( user_id: int, body: dict, request: Request, admin=Depends(require_admin), _staff=Depends(require_tab(""command"", ""write"")), ):","router.post(""/users/{user_id}/flag"")"
backend/app/api/routers/system_admin.py,system_admin.py,POST,/users/{user_id}/clear-flag,543,clear_flag,544,False,False,True,require_tab,False,,"def clear_flag( user_id: int, request: Request, admin=Depends(require_admin), _staff=Depends(require_tab(""command"", ""write"")), ):","router.post(""/users/{user_id}/clear-flag"")"
backend/app/api/routers/system_admin.py,system_admin.py,POST,/users/{user_id}/adjust-score,559,adjust_score,560,False,False,True,require_tab,False,,"def adjust_score( user_id: int, body: dict, request: Request, admin=Depends(require_admin), _staff=Depends(require_tab(""command"", ""write"")), ):","router.post(""/users/{user_id}/adjust-score"")"
backend/app/api/routers/system_admin.py,system_admin.py,POST,/staff,589,add_staff,590,False,False,True,require_admin,False,,"def add_staff( body: dict, request: Request, admin=Depends(require_admin), _staff=Depends(require_system_permission(""system.members"", ""write"")), ):","router.post(""/staff"")"
backend/app/api/routers/system_admin.py,system_admin.py,POST,/staff/invite,609,invite_staff,610,False,False,True,require_admin,False,,"def invite_staff( body: dict, request: Request, admin=Depends(require_admin), _staff=Depends(require_system_permission(""system.members"", ""write"")), ):","router.post(""/staff/invite"")"
backend/app/api/routers/system_admin.py,system_admin.py,POST,/staff/accept-invite,629,accept_staff_invite,630,False,False,False,,False,,def accept_staff_invite(body: dict):,"router.post(""/staff/accept-invite"")"
backend/app/api/routers/system_admin.py,system_admin.py,PATCH,/staff/{staff_id},640,update_staff,641,False,False,True,require_admin,False,,"def update_staff( staff_id: int, body: dict, request: Request, admin=Depends(require_admin), _staff=Depends(require_system_permission(""system.members"", ""write"")), ):","router.patch(""/staff/{staff_id}"")"
backend/app/api/routers/system_admin.py,system_admin.py,POST,/staff/{staff_id}/permissions,657,update_staff_permissions,658,False,False,True,require_admin,False,,"def update_staff_permissions( staff_id: int, body: dict, request: Request, admin=Depends(require_admin), staff=Depends(require_system_permission(""system.members"", ""write"")), ):","router.post(""/staff/{staff_id}/permissions"")"
backend/app/api/routers/system_admin.py,system_admin.py,POST,/staff/{staff_id}/suspend,683,suspend_staff,684,False,False,True,require_admin,False,,"def suspend_staff( staff_id: int, body: dict, request: Request, admin=Depends(require_admin), _staff=Depends(require_system_permission(""system.members"", ""write"")), ):","router.post(""/staff/{staff_id}/suspend"")"
backend/app/api/routers/system_admin.py,system_admin.py,POST,/staff/{staff_id}/reactivate,700,reactivate_staff,701,False,False,True,require_admin,False,,"def reactivate_staff( staff_id: int, request: Request, admin=Depends(require_admin), _staff=Depends(require_system_permission(""system.members"", ""write"")), ):","router.post(""/staff/{staff_id}/reactivate"")"
backend/app/api/routers/system_admin.py,system_admin.py,POST,/staff/{staff_id}/resend-invite,716,resend_staff_invite,717,False,False,True,require_admin,False,,"def resend_staff_invite( staff_id: int, request: Request, admin=Depends(require_admin), _staff=Depends(require_system_permission(""system.members"", ""write"")), ):","router.post(""/staff/{staff_id}/resend-invite"")"
backend/app/api/routers/system_admin.py,system_admin.py,DELETE,/staff/{staff_id},738,delete_staff_member,739,False,False,True,require_admin,False,,"def delete_staff_member( staff_id: int, request: Request, admin=Depends(require_admin), _staff=Depends(require_system_permission(""system.members"", ""write"")), ):","router.delete(""/staff/{staff_id}"")"
backend/app/api/routers/system_admin.py,system_admin.py,POST,/staff/api-tokens,794,create_token,795,False,False,True,require_admin,False,,"def create_token( body: dict, request: Request, admin=Depends(require_admin), _staff=Depends(require_system_permission(""system.api_keys"", ""write"")), ):","router.post(""/staff/api-tokens"")"
backend/app/api/routers/system_admin.py,system_admin.py,DELETE,/staff/api-tokens/{token_id},812,revoke_token,813,False,False,True,require_admin,False,,"def revoke_token( token_id: int, request: Request, admin=Depends(require_admin), _staff=Depends(require_system_permission(""system.api_keys"", ""write"")), ):","router.delete(""/staff/api-tokens/{token_id}"")"
backend/app/api/routers/uploads.py,uploads.py,POST,/api/upload/video,69,upload_video,71,False,False,True,current_user,False,,async def upload_video(request: Request):,"router.post(""/api/upload/video"")"
backend/app/api/routers/uploads.py,uploads.py,POST,/api/admin/upload/reward-image,178,admin_upload_reward_image,180,False,False,True,require_admin,False,,"async def admin_upload_reward_image(request: Request, file: UploadFile = File(...)):","router.post(""/api/admin/upload/reward-image"")"
backend/app/api/routers/verify.py,verify.py,POST,/preview,361,preview_verification_target,363,False,False,True,current_user,False,,"async def preview_verification_target( payload: VerifyStartRequest, current_user: dict = Depends(get_current_user), ):","router.post(""/preview"", response_model=VerifyPreviewResponse)"
backend/app/api/routers/verify.py,verify.py,POST,/start,382,start_verification,384,False,False,True,current_user,False,,"async def start_verification( request: Request, payload: VerifyStartRequest, current_user: dict = Depends(get_current_user), ):","router.post(""/start"", response_model=VerifyStartResponse)"
backend/app/api/routers/verify.py,verify.py,POST,/posted,445,mark_as_posted,447,False,False,True,current_user,False,,"async def mark_as_posted( request: Request, payload: VerifyPostedRequest, current_user: dict = Depends(get_current_user), ):","router.post(""/posted"")"
backend/app/api/routers/verify.py,verify.py,POST,/scan-now,539,admin_trigger_scan,541,False,False,True,require_admin,False,,"async def admin_trigger_scan( request: Request, platform: Optional[str] = Body(default=None, embed=True), only_oldest_n: Optional[int] = Body(default=None, embed=True), sync: bool = Body(default=False, embed=True), admin_user: dict = Depends(require_admin), ):","router.post(""/scan-now"")"
backend/app/api/routers/verify.py,verify.py,POST,/{verification_id}/scan,584,admin_rescan_single,586,False,False,True,require_admin,False,,"async def admin_rescan_single( request: Request, verification_id: int, sync: bool = Body(default=False, embed=True), admin_user: dict = Depends(require_admin), ):","router.post(""/{verification_id}/scan"")"
backend/app/api/routers/verify.py,verify.py,POST,/{verification_id}/approve,627,admin_approve,629,False,False,True,require_admin,False,,"async def admin_approve( verification_id: int, admin_user: dict = Depends(require_admin), ):","router.post(""/{verification_id}/approve"")"
backend/app/api/routers/verify.py,verify.py,POST,/{verification_id}/reject,641,admin_reject,643,False,False,True,require_admin,False,,"async def admin_reject( verification_id: int, reason: str = Body(default="""", embed=True), admin_user: dict = Depends(require_admin), ):","router.post(""/{verification_id}/reject"")"
backend/app/api/routers/via.py,via.py,POST,/sessions,49,create_via_session,51,False,False,True,current_user,False,,async def create_via_session(request: Request):,"router.post(""/sessions"")"
backend/app/api/routers/via.py,via.py,PATCH,/sessions/{session_key}/persona,76,patch_via_persona,78,False,False,False,,False,,"async def patch_via_persona(request: Request, session_key: str):","router.patch(""/sessions/{session_key}/persona"")"
backend/app/api/routers/via.py,via.py,POST,/sessions/{session_key}/memory/refresh,90,refresh_via_memory,92,False,False,False,,False,,"async def refresh_via_memory(request: Request, session_key: str):","router.post(""/sessions/{session_key}/memory/refresh"")"
backend/app/api/routers/via.py,via.py,POST,/sessions/{session_key}/events,99,post_via_event,101,False,False,False,,False,,"async def post_via_event(request: Request, session_key: str):","router.post(""/sessions/{session_key}/events"")"
backend/app/api/routers/via.py,via.py,POST,/sessions/{session_key}/respond,117,respond_via_session,119,False,False,False,,False,,"async def respond_via_session(request: Request, session_key: str):","router.post(""/sessions/{session_key}/respond"")"
backend/app/api/routers/via.py,via.py,POST,/sessions/{session_key}/reward-traces,135,post_via_reward_trace,137,False,False,False,,False,,"async def post_via_reward_trace(request: Request, session_key: str):","router.post(""/sessions/{session_key}/reward-traces"")"
backend/app/api/routers/vkpi.py,vkpi.py,POST,/shopify/orders,28,shopify_order_webhook,30,False,False,False,,False,,async def shopify_order_webhook(request: Request):,"webhook_router.post(""/shopify/orders"")"
backend/app/api/routers/vkpi.py,vkpi.py,POST,/shopify,29,shopify_order_webhook,30,False,False,False,,False,,async def shopify_order_webhook(request: Request):,"webhook_router.post(""/shopify"")"
backend/app/api/routers/vkpi.py,vkpi.py,POST,/shopify/refunds,46,shopify_refund_webhook,47,False,False,False,,False,,async def shopify_refund_webhook(request: Request):,"webhook_router.post(""/shopify/refunds"")"
backend/app/api/routers/vkpi_attribution_metrics.py,vkpi_attribution_metrics.py,POST,/attribution,72,create_attribution,73,True,True,True,require_tab,False,,"def create_attribution(body: dict, staff=Depends(require_tab(""vkpi"", ""write""))):","router.post(""/attribution"")"
backend/app/api/routers/vkpi_attribution_metrics.py,vkpi_attribution_metrics.py,POST,/attribution/amazon/import,82,import_amazon,83,True,True,True,require_tab,False,,"def import_amazon(body: dict, staff=Depends(require_tab(""vkpi"", ""write""))):","router.post(""/attribution/amazon/import"")"
backend/app/api/routers/vkpi_attribution_metrics.py,vkpi_attribution_metrics.py,POST,/attribution/amazon/upload,142,upload_amazon_report,143,True,True,True,require_tab,False,,"async def upload_amazon_report( file: UploadFile = File(...), project_id: int | None = Form(default=None), staff_id: int | None = Form(default=None), amazon_tag: str = Form(default=""""), asin: str = Form(default=""""), marketplace: str = Form(default=""US""), report_date: str = Form(default=""""), staff=Depends(require_tab(""vkpi"", ""write"")), ):","router.post(""/attribution/amazon/upload"")"
backend/app/api/routers/vkpi_attribution_metrics.py,vkpi_attribution_metrics.py,POST,/shopify/sync,226,shopify_sync,227,True,False,True,require_tab,False,,"def shopify_sync(body: dict | None = None, staff=Depends(require_tab(""vkpi"", ""write""))):","router.post(""/shopify/sync"")"
backend/app/api/routers/vkpi_attribution_metrics.py,vkpi_attribution_metrics.py,POST,/shopify/backfill,232,shopify_backfill,233,True,False,True,require_tab,False,,"def shopify_backfill(body: dict | None = None, staff=Depends(require_tab(""vkpi"", ""write""))):","router.post(""/shopify/backfill"")"
backend/app/api/routers/vkpi_attribution_metrics.py,vkpi_attribution_metrics.py,POST,/alerts/generate,247,generate_alerts,248,True,False,True,require_tab,False,,"def generate_alerts(staff=Depends(require_tab(""vkpi"", ""write""))):","router.post(""/alerts/generate"")"
backend/app/api/routers/vkpi_attribution_metrics.py,vkpi_attribution_metrics.py,POST,/alerts/{alert_id}/resolve,263,resolve_alert,264,True,False,True,require_tab,False,,"def resolve_alert(alert_id: int, staff=Depends(require_tab(""vkpi"", ""write""))):","router.post(""/alerts/{alert_id}/resolve"")"
backend/app/api/routers/vkpi_attribution_metrics.py,vkpi_attribution_metrics.py,POST,/rollups/run-now,305,run_rollup,306,True,False,True,require_tab,False,,"def run_rollup(body: dict | None = None, staff=Depends(require_tab(""vkpi"", ""write""))):","router.post(""/rollups/run-now"")"
backend/app/api/routers/vkpi_attribution_metrics.py,vkpi_attribution_metrics.py,POST,/lineage/runs,316,lineage_create_run,317,True,False,True,require_tab,False,,"def lineage_create_run(body: dict | None = None, staff=Depends(require_tab(""vkpi"", ""write""))):","router.post(""/lineage/runs"")"
backend/app/api/routers/vkpi_comment_intelligence.py,vkpi_comment_intelligence.py,POST,/process-post/{post_id},29,api_process_post,30,True,False,True,require_permission,False,,"def api_process_post( post_id: int, post_table: str = Query(""industry_posts""), max_comments: int | None = Query(None, ge=1, le=500), collect_comments: bool = Query(True), analyze_sentiment: bool = Query(True), classify_pillar: bool = Query(True), force_reprocess: bool = Query(False), comment_limit: int = Query(100, ge=1, le=1000), staff: dict = Depends(require_permission(""vkpi.comment_intelligence.run"")), ) -> dict[str, Any]:","router.post(""/process-post/{post_id}"")"
backend/app/api/routers/vkpi_comment_intelligence.py,vkpi_comment_intelligence.py,POST,/process-recent,56,api_process_recent,57,True,False,True,require_permission,False,,"def api_process_recent( platform: str = Query(""""), days: int = Query(7, ge=1, le=90), limit: int = Query(25, ge=1, le=250), collect_comments: bool = Query(False), analyze_sentiment: bool = Query(True), classify_pillar: bool = Query(True), force_reprocess: bool = Query(False), staff: dict = Depends(require_permission(""vkpi.comment_intelligence.run"")), ) -> dict[str, Any]:","router.post(""/process-recent"")"
backend/app/api/routers/vkpi_comment_intelligence.py,vkpi_comment_intelligence.py,POST,/runs/{run_id}/retry,103,api_retry_run,104,True,False,True,require_permission,False,,"def api_retry_run( run_id: int, staff: dict = Depends(require_permission(""vkpi.comment_intelligence.run"")), ) -> dict[str, Any]:","router.post(""/runs/{run_id}/retry"")"
backend/app/api/routers/vkpi_comments.py,vkpi_comments.py,POST,/collect-post/{post_id},21,api_collect_post_comments,22,True,False,True,require_permission,False,,"def api_collect_post_comments( post_id: int, post_table: str = Query(""industry_posts""), max_comments: int | None = Query(None), staff: dict = Depends(require_permission(""vkpi.comments.collect"")), ) -> dict[str, Any]:","router.post(""/collect-post/{post_id}"")"
backend/app/api/routers/vkpi_comments.py,vkpi_comments.py,POST,/batch-collect,38,api_batch_collect,39,True,False,True,require_permission,False,,"def api_batch_collect( platform: str = Query(""""), days: int = Query(7, ge=1, le=30), limit: int = Query(100, ge=1, le=500), staff: dict = Depends(require_permission(""vkpi.comments.batch_collect"")), ) -> dict[str, Any]:","router.post(""/batch-collect"")"
backend/app/api/routers/vkpi_costs.py,vkpi_costs.py,PATCH,/costs/{cost_id},50,update_cost,51,True,False,True,require_tab,False,,"def update_cost(cost_id: int, body: dict, staff=Depends(require_tab(""vkpi"", ""write""))):","router.patch(""/costs/{cost_id}"")"
backend/app/api/routers/vkpi_costs.py,vkpi_costs.py,POST,/costs/{cost_id}/approve,63,approve_cost,64,True,False,True,require_tab,False,,"def approve_cost(cost_id: int, body: dict | None = None, staff=Depends(require_tab(""vkpi"", ""write""))):","router.post(""/costs/{cost_id}/approve"")"
backend/app/api/routers/vkpi_costs.py,vkpi_costs.py,POST,/costs/{cost_id}/void,72,void_cost,73,True,False,True,require_tab,False,,"def void_cost(cost_id: int, body: dict | None = None, staff=Depends(require_tab(""vkpi"", ""write""))):","router.post(""/costs/{cost_id}/void"")"
backend/app/api/routers/vkpi_costs.py,vkpi_costs.py,POST,/product-costs,91,upsert_product_cost,92,True,False,True,require_tab,False,,"def upsert_product_cost(body: dict, staff=Depends(require_tab(""vkpi"", ""write""))):","router.post(""/product-costs"")"
backend/app/api/routers/vkpi_data_quality.py,vkpi_data_quality.py,POST,/data-quality/{issue_id}/resolve,29,data_quality_resolve,30,True,False,True,require_tab,False,,"def data_quality_resolve(issue_id: str, body: dict | None = None, staff=Depends(require_tab(""vkpi"", ""write""))):","router.post(""/data-quality/{issue_id}/resolve"")"
backend/app/api/routers/vkpi_data_quality.py,vkpi_data_quality.py,POST,/data-quality/{issue_id}/ignore,40,data_quality_ignore,41,True,False,True,require_tab,False,,"def data_quality_ignore(issue_id: str, body: dict | None = None, staff=Depends(require_tab(""vkpi"", ""write""))):","router.post(""/data-quality/{issue_id}/ignore"")"
backend/app/api/routers/vkpi_data_quality.py,vkpi_data_quality.py,POST,/data-quality/{issue_id}/assign,51,data_quality_assign,52,True,False,True,require_tab,False,,"def data_quality_assign(issue_id: str, body: dict | None = None, staff=Depends(require_tab(""vkpi"", ""write""))):","router.post(""/data-quality/{issue_id}/assign"")"
backend/app/api/routers/vkpi_data_quality.py,vkpi_data_quality.py,POST,/data-quality/{issue_id}/rerun,62,data_quality_rerun,63,True,False,True,require_tab,False,,"def data_quality_rerun(issue_id: str, body: dict | None = None, staff=Depends(require_tab(""vkpi"", ""write""))):","router.post(""/data-quality/{issue_id}/rerun"")"
backend/app/api/routers/vkpi_data_quality.py,vkpi_data_quality.py,POST,/data-quality/{issue_id}/evidence,73,data_quality_evidence,74,True,False,True,require_tab,False,,"def data_quality_evidence(issue_id: str, body: dict | None = None, staff=Depends(require_tab(""vkpi"", ""write""))):","router.post(""/data-quality/{issue_id}/evidence"")"
backend/app/api/routers/vkpi_data_quality.py,vkpi_data_quality.py,POST,/data-quality/{issue_id}/reopen,84,data_quality_reopen,85,True,False,True,require_tab,False,,"def data_quality_reopen(issue_id: str, body: dict | None = None, staff=Depends(require_tab(""vkpi"", ""write""))):","router.post(""/data-quality/{issue_id}/reopen"")"
backend/app/api/routers/vkpi_evidence_assets.py,vkpi_evidence_assets.py,POST,/evidence/uploads,32,upload_evidence_file,33,True,False,True,require_tab,False,,"async def upload_evidence_file( file: UploadFile = File(...), entity_type: str = Form(default=""manual""), entity_id: str = Form(default=""""), purpose: str = Form(default=""note""), staff=Depends(require_tab(""vkpi"", ""write"")), ):","router.post(""/evidence/uploads"")"
backend/app/api/routers/vkpi_evidence_assets.py,vkpi_evidence_assets.py,POST,/messages,88,create_message,89,True,False,True,require_tab,False,,"def create_message(body: dict, staff=Depends(require_tab(""vkpi"", ""write""))):","router.post(""/messages"")"
backend/app/api/routers/vkpi_evidence_assets.py,vkpi_evidence_assets.py,POST,/messages/{message_id}/attachments,110,add_message_attachment,111,True,False,True,require_tab,False,,"def add_message_attachment(message_id: int, body: dict, staff=Depends(require_tab(""vkpi"", ""write""))):","router.post(""/messages/{message_id}/attachments"")"
backend/app/api/routers/vkpi_evidence_assets.py,vkpi_evidence_assets.py,POST,/content,138,create_content,139,True,False,True,require_tab,False,,"def create_content(body: dict, staff=Depends(require_tab(""vkpi"", ""write""))):","router.post(""/content"")"
backend/app/api/routers/vkpi_evidence_assets.py,vkpi_evidence_assets.py,POST,/content/{post_id}/assets,160,add_content_asset,161,True,False,True,require_tab,False,,"def add_content_asset(post_id: int, body: dict, staff=Depends(require_tab(""vkpi"", ""write""))):","router.post(""/content/{post_id}/assets"")"
backend/app/api/routers/vkpi_evidence_assets.py,vkpi_evidence_assets.py,POST,/terms,188,upsert_terms,189,True,False,True,require_tab,False,,"def upsert_terms(body: dict, staff=Depends(require_tab(""vkpi"", ""write""))):","router.post(""/terms"")"
backend/app/api/routers/vkpi_evidence_assets.py,vkpi_evidence_assets.py,POST,/deliverables,210,add_deliverable,211,True,False,True,require_tab,False,,"def add_deliverable(body: dict, staff=Depends(require_tab(""vkpi"", ""write""))):","router.post(""/deliverables"")"
backend/app/api/routers/vkpi_evidence_assets.py,vkpi_evidence_assets.py,PATCH,/deliverables/{deliverable_id},222,update_deliverable,223,True,False,True,require_tab,False,,"def update_deliverable(deliverable_id: int, body: dict, staff=Depends(require_tab(""vkpi"", ""write""))):","router.patch(""/deliverables/{deliverable_id}"")"
backend/app/api/routers/vkpi_evidence_assets.py,vkpi_evidence_assets.py,POST,/shipments,248,create_shipment,249,True,False,True,require_tab,False,,"def create_shipment(body: dict, staff=Depends(require_tab(""vkpi"", ""write""))):","router.post(""/shipments"")"
backend/app/api/routers/vkpi_evidence_assets.py,vkpi_evidence_assets.py,PATCH,/shipments/{shipment_id},270,update_shipment,271,True,False,True,require_tab,False,,"def update_shipment(shipment_id: int, body: dict, staff=Depends(require_tab(""vkpi"", ""write""))):","router.patch(""/shipments/{shipment_id}"")"
backend/app/api/routers/vkpi_evidence_assets.py,vkpi_evidence_assets.py,POST,/shipments/{shipment_id}/receive,280,receive_shipment,281,True,False,True,require_tab,False,,"def receive_shipment(shipment_id: int, body: dict | None = None, staff=Depends(require_tab(""vkpi"", ""write""))):","router.post(""/shipments/{shipment_id}/receive"")"
backend/app/api/routers/vkpi_feedback.py,vkpi_feedback.py,POST,/feedback,14,create_feedback,15,True,False,True,require_tab,False,,"def create_feedback(body: dict[str, Any], staff=Depends(require_tab(""vkpi"", ""write""))):","router.post(""/feedback"")"
backend/app/api/routers/vkpi_feedback.py,vkpi_feedback.py,PATCH,/feedback/{uid},31,update_feedback,32,True,False,True,require_tab,False,,"def update_feedback(uid: str, body: dict[str, Any], staff=Depends(require_tab(""vkpi"", ""admin""))):","router.patch(""/feedback/{uid}"")"
backend/app/api/routers/vkpi_firewall.py,vkpi_firewall.py,POST,/feature-flags,105,update_feature_flag,118,True,False,True,require_tab,True,audit_action,"def update_feature_flag( body: dict = Body(default_factory=dict), staff=Depends(require_tab(""vkpi"", ""admin"")), ) -> dict:","router.post(""/feature-flags"")"
backend/app/api/routers/vkpi_firewall.py,vkpi_firewall.py,POST,/platform/{platform},142,update_platform,151,True,False,True,require_tab,True,audit_action,"def update_platform( platform: str, body: dict = Body(default_factory=dict), staff=Depends(require_tab(""vkpi"", ""admin"")), ) -> dict:","router.post(""/platform/{platform}"")"
backend/app/api/routers/vkpi_firewall.py,vkpi_firewall.py,POST,/budget/{budget_key},172,update_budget,181,True,False,True,require_tab,True,audit_action,"def update_budget( budget_key: str, body: dict = Body(default_factory=dict), staff=Depends(require_tab(""vkpi"", ""admin"")), ) -> dict:","router.post(""/budget/{budget_key}"")"
backend/app/api/routers/vkpi_industry_automation.py,vkpi_industry_automation.py,POST,/industry-data/projects,40,industry_create_project,41,True,True,True,require_tab,False,,"def industry_create_project(body: dict, staff=Depends(require_tab(""vkpi"", ""write""))):","router.post(""/industry-data/projects"")"
backend/app/api/routers/vkpi_industry_automation.py,vkpi_industry_automation.py,DELETE,/industry-data/projects/{project_id},56,industry_delete_project,57,True,True,True,require_tab,False,,"def industry_delete_project(project_id: int, staff=Depends(require_tab(""vkpi"", ""write""))):","router.delete(""/industry-data/projects/{project_id}"")"
backend/app/api/routers/vkpi_industry_automation.py,vkpi_industry_automation.py,POST,/industry-data/projects/{project_id}/accounts,67,industry_add_account,68,True,True,True,require_tab,False,,"def industry_add_account(project_id: int, body: dict, staff=Depends(require_tab(""vkpi"", ""write""))):","router.post(""/industry-data/projects/{project_id}/accounts"")"
backend/app/api/routers/vkpi_industry_automation.py,vkpi_industry_automation.py,POST,/industry-data/projects/{project_id}/accounts/import,75,industry_import_accounts,76,True,True,True,require_tab,False,,"def industry_import_accounts(project_id: int, body: dict, staff=Depends(require_tab(""vkpi"", ""write""))):","router.post(""/industry-data/projects/{project_id}/accounts/import"")"
backend/app/api/routers/vkpi_industry_automation.py,vkpi_industry_automation.py,POST,/industry-data/projects/{project_id}/apify/import,81,industry_import_apify_history,82,True,True,True,require_tab,False,,"def industry_import_apify_history(project_id: int, body: dict, staff=Depends(require_tab(""vkpi"", ""write""))):","router.post(""/industry-data/projects/{project_id}/apify/import"")"
backend/app/api/routers/vkpi_industry_automation.py,vkpi_industry_automation.py,PATCH,/industry-data/accounts/{account_id},105,industry_update_account,106,True,True,True,require_tab,False,,"def industry_update_account(account_id: int, body: dict, staff=Depends(require_tab(""vkpi"", ""write""))):","router.patch(""/industry-data/accounts/{account_id}"")"
backend/app/api/routers/vkpi_industry_automation.py,vkpi_industry_automation.py,POST,/industry-data/accounts/{account_id}/refresh,113,industry_refresh_account,114,True,True,True,require_tab,False,,"def industry_refresh_account(account_id: int, staff=Depends(require_tab(""vkpi"", ""write""))):","router.post(""/industry-data/accounts/{account_id}/refresh"")"
backend/app/api/routers/vkpi_industry_automation.py,vkpi_industry_automation.py,POST,/audience-graph/estimate,136,audience_graph_estimate,137,True,False,True,require_tab,False,,"def audience_graph_estimate(body: dict | None = None, staff=Depends(require_tab(""vkpi"", ""write""))):","router.post(""/audience-graph/estimate"")"
backend/app/api/routers/vkpi_industry_automation.py,vkpi_industry_automation.py,POST,/automation/experiments,153,automation_create_experiment,154,True,False,True,require_tab,False,,"def automation_create_experiment(body: dict, staff=Depends(require_tab(""vkpi"", ""admin""))):","router.post(""/automation/experiments"")"
backend/app/api/routers/vkpi_industry_automation.py,vkpi_industry_automation.py,PATCH,/automation/experiments/{experiment_id}/status,161,automation_experiment_status,162,True,False,True,require_tab,False,,"def automation_experiment_status(experiment_id: int, body: dict, staff=Depends(require_tab(""vkpi"", ""admin""))):","router.patch(""/automation/experiments/{experiment_id}/status"")"
backend/app/api/routers/vkpi_industry_automation.py,vkpi_industry_automation.py,POST,/automation/models/{model_version}/activate,177,automation_activate_model,178,True,False,True,require_tab,False,,"def automation_activate_model(model_version: str, staff=Depends(require_tab(""vkpi"", ""admin""))):","router.post(""/automation/models/{model_version}/activate"")"
backend/app/api/routers/vkpi_industry_automation.py,vkpi_industry_automation.py,POST,/automation/ml/score,191,automation_ml_score,192,True,False,True,require_tab,False,,"def automation_ml_score(body: dict, staff=Depends(require_tab(""vkpi"", ""write""))):","router.post(""/automation/ml/score"")"
backend/app/api/routers/vkpi_industry_automation.py,vkpi_industry_automation.py,POST,/automation/training-data/export,197,automation_training_export,198,True,False,True,require_tab,False,,"def automation_training_export(body: dict | None = None, staff=Depends(require_tab(""vkpi"", ""admin""))):","router.post(""/automation/training-data/export"")"
backend/app/api/routers/vkpi_kol_links.py,vkpi_kol_links.py,POST,/kols/lookup,17,lookup_kol,18,True,False,True,require_tab,False,,"async def lookup_kol(body: dict, staff=Depends(require_tab(""vkpi"", ""write""))):","router.post(""/kols/lookup"")"
backend/app/api/routers/vkpi_kol_links.py,vkpi_kol_links.py,PATCH,/kols/{kol_id},87,update_kol,88,True,False,True,require_tab,False,,"def update_kol(kol_id: int, body: dict, staff=Depends(require_tab(""vkpi"", ""write""))):","router.patch(""/kols/{kol_id}"")"
backend/app/api/routers/vkpi_kol_links.py,vkpi_kol_links.py,POST,/kols/{kol_id}/scan-account,99,scan_kol,100,True,False,True,require_tab,False,,"async def scan_kol(kol_id: int, body: dict | None = None, staff=Depends(require_tab(""vkpi"", ""write""))):","router.post(""/kols/{kol_id}/scan-account"")"
backend/app/api/routers/vkpi_kol_links.py,vkpi_kol_links.py,POST,/kols/{kol_id}/analyze-account,109,analyze_kol,110,True,False,True,require_tab,False,,"async def analyze_kol(kol_id: int, body: dict | None = None, staff=Depends(require_tab(""vkpi"", ""write""))):","router.post(""/kols/{kol_id}/analyze-account"")"
backend/app/api/routers/vkpi_kol_links.py,vkpi_kol_links.py,POST,/kols/{kol_id}/claim,128,claim_kol,129,True,False,True,require_tab,False,,"def claim_kol(kol_id: int, body: dict | None = None, staff=Depends(require_tab(""vkpi"", ""write""))):","router.post(""/kols/{kol_id}/claim"")"
backend/app/api/routers/vkpi_kol_links.py,vkpi_kol_links.py,POST,/claims/{claim_id}/release,138,release_claim,139,True,False,True,require_tab,False,,"def release_claim(claim_id: int, body: dict | None = None, staff=Depends(require_tab(""vkpi"", ""write""))):","router.post(""/claims/{claim_id}/release"")"
backend/app/api/routers/vkpi_kol_links.py,vkpi_kol_links.py,POST,/claims/{claim_id}/reassign,148,reassign_claim,149,True,False,True,require_tab,False,,"def reassign_claim(claim_id: int, body: dict, staff=Depends(require_tab(""vkpi"", ""admin""))):","router.post(""/claims/{claim_id}/reassign"")"
backend/app/api/routers/vkpi_kol_links.py,vkpi_kol_links.py,POST,/links,206,create_link,207,True,False,True,require_tab,False,,"def create_link(body: dict, staff=Depends(require_tab(""vkpi"", ""write""))):","router.post(""/links"")"
backend/app/api/routers/vkpi_kol_links.py,vkpi_kol_links.py,PATCH,/links/{link_id},216,update_link,217,True,False,True,require_tab,False,,"def update_link(link_id: int, body: dict, staff=Depends(require_tab(""vkpi"", ""write""))):","router.patch(""/links/{link_id}"")"
backend/app/api/routers/vkpi_kol_links.py,vkpi_kol_links.py,POST,/links/{link_id}/pause,228,pause_link,229,True,False,True,require_tab,False,,"def pause_link(link_id: int, staff=Depends(require_tab(""vkpi"", ""write""))):","router.post(""/links/{link_id}/pause"")"
backend/app/api/routers/vkpi_kol_links.py,vkpi_kol_links.py,POST,/links/{link_id}/archive,238,archive_link,239,True,False,True,require_tab,False,,"def archive_link(link_id: int, staff=Depends(require_tab(""vkpi"", ""write""))):","router.post(""/links/{link_id}/archive"")"
backend/app/api/routers/vkpi_kol_links.py,vkpi_kol_links.py,POST,/links/{link_id}/health-check,248,check_link,249,True,False,True,require_tab,False,,"def check_link(link_id: int, staff=Depends(require_tab(""vkpi"", ""read""))):","router.post(""/links/{link_id}/health-check"")"
backend/app/api/routers/vkpi_kol_pool.py,vkpi_kol_pool.py,POST,/kol-pool/batch-enrich,64,batch_enrich_pool_items,78,True,False,True,require_tab,True,audit_action,"def batch_enrich_pool_items( body: dict = Body(default_factory=dict), staff=Depends(require_tab(""vkpi"", ""write"")), ) -> dict:","router.post(""/kol-pool/batch-enrich"")"
backend/app/api/routers/vkpi_kol_pool.py,vkpi_kol_pool.py,POST,/kol-pool/{kol_pool_id}/promote,122,promote_to_main_kol,133,True,False,True,require_tab,True,audit_action,"def promote_to_main_kol( kol_pool_id: int, body: dict = Body(default_factory=dict), staff=Depends(require_tab(""vkpi"", ""write"")), ) -> dict:","router.post(""/kol-pool/{kol_pool_id}/promote"")"
backend/app/api/routers/vkpi_kol_pool.py,vkpi_kol_pool.py,POST,/kol-pool/{kol_pool_id}/enrich,151,enrich_pool_item,158,True,False,True,require_tab,True,audit_action,"def enrich_pool_item( kol_pool_id: int, body: dict = Body(default_factory=dict), staff=Depends(require_tab(""vkpi"", ""write"")), ) -> dict:","router.post(""/kol-pool/{kol_pool_id}/enrich"")"
backend/app/api/routers/vkpi_kol_pool.py,vkpi_kol_pool.py,POST,/kol-pool/import,179,import_pool,196,True,False,True,require_tab,True,audit_action,"def import_pool( body: dict = Body(default_factory=dict), staff=Depends(require_tab(""vkpi"", ""write"")), ) -> dict:","router.post(""/kol-pool/import"")"
backend/app/api/routers/vkpi_kol_pool.py,vkpi_kol_pool.py,POST,/kol-pool/{kol_pool_id}/link,228,link_to_main_kol,234,True,False,True,require_tab,True,audit_action,"def link_to_main_kol( kol_pool_id: int, body: dict = Body(default_factory=dict), staff=Depends(require_tab(""vkpi"", ""write"")), ) -> dict:","router.post(""/kol-pool/{kol_pool_id}/link"")"
backend/app/api/routers/vkpi_operations.py,vkpi_operations.py,POST,/analytics/compare,29,analytics_compare,30,True,False,True,require_tab,False,,"async def analytics_compare(body: dict, staff=Depends(require_tab(""vkpi"", ""write""))):","router.post(""/analytics/compare"")"
backend/app/api/routers/vkpi_operations.py,vkpi_operations.py,POST,/analytics/monitor,37,analytics_monitor,38,True,False,True,require_tab,False,,"async def analytics_monitor(body: dict, staff=Depends(require_tab(""vkpi"", ""write""))):","router.post(""/analytics/monitor"")"
backend/app/api/routers/vkpi_operations.py,vkpi_operations.py,POST,/analytics/products,63,analytics_product_upsert,64,True,False,True,require_tab,False,,"def analytics_product_upsert(body: dict, staff=Depends(require_tab(""vkpi"", ""write""))):","router.post(""/analytics/products"")"
backend/app/api/routers/vkpi_operations.py,vkpi_operations.py,DELETE,/analytics/products/{product_sku},71,analytics_product_delete,72,True,False,True,require_tab,False,,"def analytics_product_delete(product_sku: str, staff=Depends(require_tab(""vkpi"", ""write""))):","router.delete(""/analytics/products/{product_sku}"")"
backend/app/api/routers/vkpi_operations.py,vkpi_operations.py,POST,/analytics/daily-digest/generate,120,analytics_daily_digest_generate,121,True,False,True,require_tab,False,,"def analytics_daily_digest_generate(body: dict | None = None, staff=Depends(require_tab(""vkpi"", ""write""))):","router.post(""/analytics/daily-digest/generate"")"
backend/app/api/routers/vkpi_operations.py,vkpi_operations.py,POST,/analytics/suggestions/{suggestion_id}/claim,133,analytics_suggestion_claim,134,True,False,True,require_tab,False,,"def analytics_suggestion_claim(suggestion_id: int, staff=Depends(require_tab(""vkpi"", ""write""))):","router.post(""/analytics/suggestions/{suggestion_id}/claim"")"
backend/app/api/routers/vkpi_operations.py,vkpi_operations.py,POST,/analytics/suggestions/{suggestion_id}/create-project,138,analytics_suggestion_create_project,139,True,False,True,require_tab,False,,"def analytics_suggestion_create_project(suggestion_id: int, body: dict | None = None, staff=Depends(require_tab(""vkpi"", ""write""))):","router.post(""/analytics/suggestions/{suggestion_id}/create-project"")"
backend/app/api/routers/vkpi_operations.py,vkpi_operations.py,POST,/analytics/suggestions/{suggestion_id}/dismiss,148,analytics_suggestion_dismiss,149,True,False,True,require_tab,False,,"def analytics_suggestion_dismiss(suggestion_id: int, body: dict | None = None, staff=Depends(require_tab(""vkpi"", ""write""))):","router.post(""/analytics/suggestions/{suggestion_id}/dismiss"")"
backend/app/api/routers/vkpi_operations.py,vkpi_operations.py,POST,/channels,158,bind_channel,159,True,False,True,require_tab,False,,"def bind_channel(body: dict, view_as_staff_id: int | None = None, staff=Depends(require_tab(""vkpi"", ""write""))):","router.post(""/channels"")"
backend/app/api/routers/vkpi_operations.py,vkpi_operations.py,DELETE,/channels/{channel_id},166,unbind_channel,167,True,False,True,require_tab,False,,"def unbind_channel(channel_id: int, staff=Depends(require_tab(""vkpi"", ""write""))):","router.delete(""/channels/{channel_id}"")"
backend/app/api/routers/vkpi_operations.py,vkpi_operations.py,POST,/channels/{channel_id}/sync-now,176,sync_channel,177,True,False,True,require_tab,False,,"def sync_channel(channel_id: int, staff=Depends(require_tab(""vkpi"", ""write""))):","router.post(""/channels/{channel_id}/sync-now"")"
backend/app/api/routers/vkpi_operations.py,vkpi_operations.py,POST,/campaigns,210,create_campaign,211,True,False,True,require_tab,False,,"def create_campaign(body: dict, staff=Depends(require_tab(""vkpi"", ""write""))):","router.post(""/campaigns"")"
backend/app/api/routers/vkpi_operations.py,vkpi_operations.py,POST,/campaigns/{campaign_id}/projects,219,campaign_add_project,220,True,False,True,require_tab,False,,"def campaign_add_project(campaign_id: int, body: dict, staff=Depends(require_tab(""vkpi"", ""write""))):","router.post(""/campaigns/{campaign_id}/projects"")"
backend/app/api/routers/vkpi_operations.py,vkpi_operations.py,POST,/budget-pools,239,create_budget_pool,240,True,False,True,require_tab,False,,"def create_budget_pool(body: dict, staff=Depends(require_tab(""vkpi"", ""admin""))):","router.post(""/budget-pools"")"
backend/app/api/routers/vkpi_operations.py,vkpi_operations.py,POST,/budget-pools/{pool_id}/allocate,247,allocate_budget,248,True,False,True,require_tab,False,,"def allocate_budget(pool_id: int, body: dict, staff=Depends(require_tab(""vkpi"", ""admin""))):","router.post(""/budget-pools/{pool_id}/allocate"")"
backend/app/api/routers/vkpi_operations.py,vkpi_operations.py,POST,/staff/{staff_id}/offboard/initiate,255,offboarding_initiate,256,True,False,True,require_tab,False,,"def offboarding_initiate(staff_id: int, body: dict | None = None, staff=Depends(require_tab(""vkpi"", ""admin""))):","router.post(""/staff/{staff_id}/offboard/initiate"")"
backend/app/api/routers/vkpi_operations.py,vkpi_operations.py,POST,/offboarding/{run_id}/execute,261,offboarding_execute,262,True,False,True,require_tab,False,,"def offboarding_execute(run_id: int, body: dict | None = None, staff=Depends(require_tab(""vkpi"", ""admin""))):","router.post(""/offboarding/{run_id}/execute"")"
backend/app/api/routers/vkpi_operations.py,vkpi_operations.py,POST,/cron/{job_name}/run,271,cron_run,272,True,False,True,require_tab,False,,"async def cron_run(job_name: str, body: dict | None = None, staff=Depends(require_tab(""vkpi"", ""admin""))):","router.post(""/cron/{job_name}/run"")"
backend/app/api/routers/vkpi_pillars.py,vkpi_pillars.py,POST,/classify/{post_id},29,api_classify_one,30,True,False,True,require_permission,False,,"def api_classify_one( post_id: int, post_table: str = Query(""industry_posts""), force_reclassify: bool = Query(False), staff: dict = Depends(require_permission(""vkpi.pillars.classify"")), ) -> dict[str, Any]:","router.post(""/classify/{post_id}"")"
backend/app/api/routers/vkpi_pillars.py,vkpi_pillars.py,POST,/classify-batch,45,api_classify_batch,46,True,False,True,require_permission,False,,"def api_classify_batch( post_table: str = Query(""industry_posts""), days: int = Query(7, ge=1, le=30), limit: int = Query(100, ge=1, le=500), staff: dict = Depends(require_permission(""vkpi.pillars.classify"")), ) -> dict[str, Any]:","router.post(""/classify-batch"")"
backend/app/api/routers/vkpi_pillars.py,vkpi_pillars.py,POST,/backfill,58,api_backfill,59,True,False,True,require_permission,False,,"def api_backfill( post_table: str = Query(""industry_posts""), days: int = Query(90, ge=1, le=365), limit: int = Query(5000, ge=1, le=20000), staff: dict = Depends(require_permission(""vkpi.pillars.backfill"")), ) -> dict[str, Any]:","router.post(""/backfill"")"
backend/app/api/routers/vkpi_product_analysis.py,vkpi_product_analysis.py,POST,/product-analysis/launches,25,product_analysis_create_launch,26,True,False,True,require_tab,False,,"def product_analysis_create_launch(body: dict, staff=Depends(require_tab(""vkpi"", ""write""))):","router.post(""/product-analysis/launches"")"
backend/app/api/routers/vkpi_product_analysis.py,vkpi_product_analysis.py,PATCH,/product-analysis/launches/{launch_id},41,product_analysis_update_launch,42,True,False,True,require_tab,False,,"def product_analysis_update_launch(launch_id: int, body: dict, staff=Depends(require_tab(""vkpi"", ""write""))):","router.patch(""/product-analysis/launches/{launch_id}"")"
backend/app/api/routers/vkpi_product_analysis.py,vkpi_product_analysis.py,DELETE,/product-analysis/launches/{launch_id},51,product_analysis_delete_launch,52,True,False,True,require_tab,False,,"def product_analysis_delete_launch(launch_id: int, staff=Depends(require_tab(""vkpi"", ""write""))):","router.delete(""/product-analysis/launches/{launch_id}"")"
backend/app/api/routers/vkpi_product_analysis.py,vkpi_product_analysis.py,POST,/product-analysis/kol-pool/import,59,product_analysis_import_kol_pool,60,True,False,True,require_tab,False,,"def product_analysis_import_kol_pool(body: dict, staff=Depends(require_tab(""vkpi"", ""write""))):","router.post(""/product-analysis/kol-pool/import"")"
backend/app/api/routers/vkpi_product_analysis.py,vkpi_product_analysis.py,POST,/product-analysis/recommendations/run,81,product_analysis_run_recommendations,82,True,True,True,require_tab,False,,"def product_analysis_run_recommendations(body: dict, staff=Depends(require_tab(""vkpi"", ""write""))):","router.post(""/product-analysis/recommendations/run"")"
backend/app/api/routers/vkpi_product_analysis.py,vkpi_product_analysis.py,POST,/product-analysis/recommendations/{recommendation_id}/{action},122,product_analysis_recommendation_action,123,True,True,True,require_tab,False,,"def product_analysis_recommendation_action( recommendation_id: int, action: str, body: dict | None = None, staff=Depends(require_tab(""vkpi"", ""write"")), ):","router.post(""/product-analysis/recommendations/{recommendation_id}/{action}"")"
backend/app/api/routers/vkpi_projects.py,vkpi_projects.py,POST,/projects,34,create_project,35,True,False,True,require_tab,False,,"def create_project(body: dict, staff=Depends(require_tab(""vkpi"", ""write""))):","router.post(""/projects"")"
backend/app/api/routers/vkpi_projects.py,vkpi_projects.py,POST,/projects/{project_id}/stage,44,transition_project,45,True,False,True,require_tab,False,,"def transition_project(project_id: int, body: dict, staff=Depends(require_tab(""vkpi"", ""write""))):","router.post(""/projects/{project_id}/stage"")"
backend/app/api/routers/vkpi_projects.py,vkpi_projects.py,DELETE,/projects/{project_id},56,delete_project,57,True,False,True,require_tab,False,,"def delete_project(project_id: int, body: dict | None = None, staff=Depends(require_tab(""vkpi"", ""write""))):","router.delete(""/projects/{project_id}"")"
backend/app/api/routers/vkpi_projects.py,vkpi_projects.py,POST,/projects/{project_id}/ship,66,ship_project,67,True,False,True,require_tab,False,,"def ship_project(project_id: int, body: dict, staff=Depends(require_tab(""vkpi"", ""write""))):","router.post(""/projects/{project_id}/ship"")"
backend/app/api/routers/vkpi_projects.py,vkpi_projects.py,POST,/projects/{project_id}/publish,79,publish_project,80,True,False,True,require_tab,False,,"def publish_project(project_id: int, body: dict, staff=Depends(require_tab(""vkpi"", ""write""))):","router.post(""/projects/{project_id}/publish"")"
backend/app/api/routers/vkpi_projects.py,vkpi_projects.py,POST,/projects/{project_id}/costs,92,add_project_cost,93,True,False,True,require_tab,False,,"def add_project_cost(project_id: int, body: dict, staff=Depends(require_tab(""vkpi"", ""write""))):","router.post(""/projects/{project_id}/costs"")"
backend/app/api/routers/vkpi_projects.py,vkpi_projects.py,POST,/projects/{project_id}/messages,104,add_project_message,105,True,False,True,require_tab,False,,"def add_project_message(project_id: int, body: dict, staff=Depends(require_tab(""vkpi"", ""write""))):","router.post(""/projects/{project_id}/messages"")"
backend/app/api/routers/vkpi_projects.py,vkpi_projects.py,POST,/projects/{project_id}/content,114,add_project_content,115,True,False,True,require_tab,False,,"def add_project_content(project_id: int, body: dict, staff=Depends(require_tab(""vkpi"", ""write""))):","router.post(""/projects/{project_id}/content"")"
backend/app/api/routers/vkpi_projects.py,vkpi_projects.py,POST,/projects/{project_id}/terms,126,upsert_project_terms,127,True,False,True,require_tab,False,,"def upsert_project_terms(project_id: int, body: dict, staff=Depends(require_tab(""vkpi"", ""write""))):","router.post(""/projects/{project_id}/terms"")"
backend/app/api/routers/vkpi_projects.py,vkpi_projects.py,POST,/projects/{project_id}/shipments,136,add_project_shipment,137,True,False,True,require_tab,False,,"def add_project_shipment(project_id: int, body: dict, staff=Depends(require_tab(""vkpi"", ""write""))):","router.post(""/projects/{project_id}/shipments"")"
backend/app/api/routers/vkpi_reconciliation.py,vkpi_reconciliation.py,POST,/reconciliation/queue/{queue_id}/resolve,50,reconciliation_resolve,51,True,False,True,require_tab,False,,"def reconciliation_resolve(queue_id: int, body: dict, staff=Depends(require_tab(""vkpi"", ""write""))):","router.post(""/reconciliation/queue/{queue_id}/resolve"")"
backend/app/api/routers/vkpi_reconciliation.py,vkpi_reconciliation.py,POST,/reconciliation/queue/{queue_id}/reject,61,reconciliation_reject,62,True,False,True,require_tab,False,,"def reconciliation_reject(queue_id: int, body: dict | None = None, staff=Depends(require_tab(""vkpi"", ""write""))):","router.post(""/reconciliation/queue/{queue_id}/reject"")"
backend/app/api/routers/vkpi_reconciliation.py,vkpi_reconciliation.py,POST,/reconciliation/queue/{queue_id}/assign,70,reconciliation_assign,71,True,False,True,require_tab,False,,"def reconciliation_assign(queue_id: int, body: dict, staff=Depends(require_tab(""vkpi"", ""write""))):","router.post(""/reconciliation/queue/{queue_id}/assign"")"
backend/app/api/routers/vkpi_reconciliation.py,vkpi_reconciliation.py,POST,/attribution/{attribution_id}/adjust,87,attribution_adjust,88,True,True,True,require_tab,False,,"def attribution_adjust(attribution_id: int, body: dict, staff=Depends(require_tab(""vkpi"", ""write""))):","router.post(""/attribution/{attribution_id}/adjust"")"
backend/app/api/routers/vkpi_reconciliation.py,vkpi_reconciliation.py,POST,/attribution/{attribution_id}/void,96,attribution_void,97,True,True,True,require_tab,False,,"def attribution_void(attribution_id: int, body: dict | None = None, staff=Depends(require_tab(""vkpi"", ""write""))):","router.post(""/attribution/{attribution_id}/void"")"
backend/app/api/routers/vkpi_reports.py,vkpi_reports.py,POST,/reports/weekly/generate,20,generate_weekly_report,21,True,True,True,require_tab,False,,"def generate_weekly_report(body: dict | None = None, staff=Depends(require_tab(""vkpi"", ""read""))):","router.post(""/reports/weekly/generate"")"
backend/app/api/routers/vkpi_reports.py,vkpi_reports.py,POST,/exports/{export_format},50,create_export,51,True,False,True,require_tab,False,,"def create_export(export_format: str, request: Request, body: dict | None = None, staff=Depends(require_tab(""vkpi"", ""read""))):","router.post(""/exports/{export_format}"")"
backend/app/api/routers/vkpi_sentiment.py,vkpi_sentiment.py,POST,/analyze/{comment_id},21,api_analyze_one,22,True,False,True,require_permission,False,,"def api_analyze_one( comment_id: int, force_reanalyze: bool = Query(False), staff: dict = Depends(require_permission(""vkpi.sentiment.analyze"")), ) -> dict[str, Any]:","router.post(""/analyze/{comment_id}"")"
backend/app/api/routers/vkpi_sentiment.py,vkpi_sentiment.py,POST,/analyze-batch,33,api_analyze_batch,34,True,False,True,require_permission,False,,"def api_analyze_batch( comment_ids: list[int], staff: dict = Depends(require_permission(""vkpi.sentiment.analyze"")), ) -> dict[str, Any]:","router.post(""/analyze-batch"")"
backend/app/api/routers/vkpi_sentiment.py,vkpi_sentiment.py,POST,/backfill,42,api_backfill,43,True,False,True,require_permission,False,,"def api_backfill( platform: str = Query(""""), days: int = Query(30, ge=1, le=180), limit: int = Query(1000, ge=1, le=5000), staff: dict = Depends(require_permission(""vkpi.sentiment.backfill"")), ) -> dict[str, Any]:","router.post(""/backfill"")"
backend/app/api/routers/vkpi_settings.py,vkpi_settings.py,POST,/settings/providers/{provider}/probe,30,provider_probe,31,True,False,True,require_tab,False,,"async def provider_probe(provider: str, staff=Depends(require_tab(""vkpi"", ""read""))):","router.post(""/settings/providers/{provider}/probe"")"
backend/app/api/routers/vkpi_settings.py,vkpi_settings.py,PATCH,/settings/feature-flags,42,update_feature_flags,43,True,False,True,require_tab,False,,"def update_feature_flags(body: dict, staff=Depends(require_tab(""vkpi"", ""admin""))):","router.patch(""/settings/feature-flags"")"
backend/app/api/routers/vkpi_settings.py,vkpi_settings.py,PATCH,/settings/platform-crawl,53,update_platform_crawl,54,True,False,True,require_tab,False,,"def update_platform_crawl(body: dict, staff=Depends(require_tab(""vkpi"", ""admin""))):","router.patch(""/settings/platform-crawl"")"
backend/app/api/routers/vkpi_settings.py,vkpi_settings.py,PATCH,/settings/budgets,64,update_budget_settings,65,True,False,True,require_tab,False,,"def update_budget_settings(body: dict, staff=Depends(require_tab(""vkpi"", ""admin""))):","router.patch(""/settings/budgets"")"
backend/app/api/routers/vkpi_settings.py,vkpi_settings.py,PATCH,/settings/comment-alerts,81,update_comment_alert_settings,82,True,False,True,require_tab,False,,"def update_comment_alert_settings(body: dict, staff=Depends(require_tab(""vkpi"", ""admin""))):","router.patch(""/settings/comment-alerts"")"
backend/app/api/routers/vkpi_settings.py,vkpi_settings.py,PATCH,/settings/preferences,95,update_preference_settings,96,True,False,True,require_tab,False,,"def update_preference_settings(body: dict, staff=Depends(require_tab(""vkpi"", ""write""))):","router.patch(""/settings/preferences"")"
backend/app/api/routers/vkpi_settings.py,vkpi_settings.py,PATCH,/settings/notifications,118,update_notifications,119,True,False,True,require_tab,False,,"def update_notifications(body: dict, staff=Depends(require_tab(""vkpi"", ""write""))):","router.patch(""/settings/notifications"")"
backend/app/api/routers/vkpi_sync.py,vkpi_sync.py,POST,/trigger/{job_name},65,trigger_sync,72,True,False,True,require_tab,True,audit_action,"async def trigger_sync( job_name: str, body: dict | None = Body(default=None), staff=Depends(require_tab(""vkpi"", ""admin"")), ) -> dict:","router.post(""/trigger/{job_name}"")"
backend/app/api/routers/vkpi_weekly_reports.py,vkpi_weekly_reports.py,POST,/generate-for-staff/{staff_id},22,api_generate_for_staff,23,True,False,True,require_permission,False,,"def api_generate_for_staff( staff_id: int, period_end: date | None = Query(None), staff: dict = Depends(require_permission(""vkpi.weekly_reports.generate"")), ) -> dict[str, Any]:","router.post(""/generate-for-staff/{staff_id}"")"
backend/app/api/routers/vkpi_weekly_reports.py,vkpi_weekly_reports.py,POST,/generate-all,39,api_generate_all,40,True,False,True,require_permission,False,,"def api_generate_all( period_end: date | None = Query(None), staff: dict = Depends(require_permission(""vkpi.weekly_reports.generate_all"")), ) -> dict[str, Any]:","router.post(""/generate-all"")"
